sale_date,product_name,quantity_sold,rf_prediction,xgb_prediction,rf_signed_error,xgb_signed_error,rf_abs_error,xgb_abs_error
2026-02-19,Bag Delivery 45L,3,2.3935803571428576,2.9591696,-0.6064196428571424,-0.040830373764038086,0.6064196428571424,0.040830373764038086
2026-02-19,Bag Delivery 80L,5,1.1030386904761904,1.5912042,-3.8969613095238094,-3.4087958335876465,3.8969613095238094,3.4087958335876465
2026-02-19,Balaclava,0,0.9778492063492061,1.0022011,0.9778492063492061,1.0022010803222656,0.9778492063492061,1.0022010803222656
2026-02-19,Baú Moto 30L,2,0.7153452380952384,0.7834315,-1.2846547619047617,-1.2165685296058655,1.2846547619047617,1.2165685296058655
2026-02-19,Capa de Chuva,0,1.923837301587302,2.0096185,1.923837301587302,2.0096185207366943,1.923837301587302,2.0096185207366943
2026-02-19,Capacete LS2,0,0.036583333333333336,0.13545042,0.036583333333333336,0.13545042276382446,0.036583333333333336,0.13545042276382446
2026-02-19,Capacete Pro Tork,3,1.6413740079365078,1.5053538,-1.3586259920634922,-1.4946461915969849,1.3586259920634922,1.4946461915969849
2026-02-19,Carregador USB Moto,1,0.35411904761904756,0.51446646,-0.6458809523809524,-0.48553353548049927,0.6458809523809524,0.48553353548049927
2026-02-19,Intercomunicador,0,0.3714404761904761,0.05457342,0.3714404761904761,0.0545734204351902,0.3714404761904761,0.0545734204351902
2026-02-19,Luva Motoboy,3,2.5999146825396817,2.6748807,-0.4000853174603183,-0.3251192569732666,0.4000853174603183,0.3251192569732666
2026-02-19,Retrovisor Esportivo,0,0.28600000000000003,0.46504432,0.28600000000000003,0.4650443196296692,0.28600000000000003,0.4650443196296692
2026-02-19,Suporte Celular Moto,2,2.3949126984126976,2.5702357,0.3949126984126976,0.5702357292175293,0.3949126984126976,0.5702357292175293
2026-02-20,Bag Delivery 45L,3,3.92304788961039,3.8978493,0.9230478896103902,0.8978493213653564,0.9230478896103902,0.8978493213653564
2026-02-20,Bag Delivery 80L,1,1.5965138888888888,1.3831375,0.5965138888888888,0.38313746452331543,0.5965138888888888,0.38313746452331543
2026-02-20,Balaclava,0,1.1023591269841266,0.98701197,1.1023591269841266,0.9870119690895081,1.1023591269841266,0.9870119690895081
2026-02-20,Baú Moto 30L,0,1.1145527597402598,0.6501043,1.1145527597402598,0.650104284286499,1.1145527597402598,0.650104284286499
2026-02-20,Capa de Chuva,1,2.4984186507936497,2.2983,1.4984186507936497,1.29830002784729,1.4984186507936497,1.29830002784729
2026-02-20,Capacete LS2,2,0.2831190476190476,0.18756327,-1.7168809523809525,-1.812436729669571,1.7168809523809525,1.812436729669571
2026-02-20,Capacete Pro Tork,0,1.7417440476190473,1.3520917,1.7417440476190473,1.352091670036316,1.7417440476190473,1.352091670036316
2026-02-20,Carregador USB Moto,0,0.912261904761905,0.6296465,0.912261904761905,0.6296464800834656,0.912261904761905,0.6296464800834656
2026-02-20,Intercomunicador,0,0.5456428571428572,0.048716016,0.5456428571428572,0.04871601611375809,0.5456428571428572,0.04871601611375809
2026-02-20,Luva Motoboy,2,2.4334751984126974,2.615604,0.43347519841269744,0.6156039237976074,0.43347519841269744,0.6156039237976074
2026-02-20,Retrovisor Esportivo,0,0.33336706349206346,0.46534783,0.33336706349206346,0.4653478264808655,0.33336706349206346,0.4653478264808655
2026-02-20,Suporte Celular Moto,1,2.805792658730158,2.9193618,1.8057926587301578,1.9193618297576904,1.8057926587301578,1.9193618297576904
2026-02-21,Bag Delivery 45L,3,2.731835317460317,2.7062984,-0.26816468253968306,-0.2937016487121582,0.26816468253968306,0.2937016487121582
2026-02-21,Bag Delivery 80L,2,1.402038690476191,1.426481,-0.597961309523809,-0.5735189914703369,0.597961309523809,0.5735189914703369
2026-02-21,Balaclava,1,1.4872400793650795,1.0109228,0.4872400793650795,0.010922789573669434,0.4872400793650795,0.010922789573669434
2026-02-21,Baú Moto 30L,3,0.9291249999999998,0.66545063,-2.070875,-2.334549367427826,2.070875,2.334549367427826
2026-02-21,Capa de Chuva,2,2.5218935786435788,2.74295,0.5218935786435788,0.7429499626159668,0.5218935786435788,0.7429499626159668
2026-02-21,Capacete LS2,0,0.36131250000000015,0.13667606,0.36131250000000015,0.13667605817317963,0.36131250000000015,0.13667605817317963
2026-02-21,Capacete Pro Tork,3,1.7176964285714282,1.5297982,-1.2823035714285718,-1.470201849937439,1.2823035714285718,1.470201849937439
2026-02-21,Carregador USB Moto,8,1.0868015873015873,0.6830111,-6.913198412698413,-7.316988885402679,6.913198412698413,7.316988885402679
2026-02-21,Intercomunicador,0,0.3811428571428571,0.102644265,0.3811428571428571,0.10264426469802856,0.3811428571428571,0.10264426469802856
2026-02-21,Luva Motoboy,1,2.1734464285714283,2.6540732,1.1734464285714283,1.6540732383728027,1.1734464285714283,1.6540732383728027
2026-02-21,Retrovisor Esportivo,0,0.623063492063492,0.62106603,0.623063492063492,0.6210660338401794,0.623063492063492,0.6210660338401794
2026-02-21,Suporte Celular Moto,3,3.325520833333333,3.278285,0.32552083333333304,0.27828502655029297,0.32552083333333304,0.27828502655029297
2026-02-22,Bag Delivery 45L,16,2.736106150793651,2.1285784,-13.26389384920635,-13.871421575546265,13.26389384920635,13.871421575546265
2026-02-22,Bag Delivery 80L,0,1.5203412698412697,1.1920582,1.5203412698412697,1.1920582056045532,1.5203412698412697,1.1920582056045532
2026-02-22,Balaclava,0,1.113414682539682,0.6999327,1.113414682539682,0.6999326944351196,1.113414682539682,0.6999326944351196
2026-02-22,Baú Moto 30L,2,1.1699910714285706,0.69901574,-0.8300089285714294,-1.300984263420105,0.8300089285714294,1.300984263420105
2026-02-22,Capa de Chuva,3,2.8737073412698404,2.4813497,-0.1262926587301596,-0.5186502933502197,0.1262926587301596,0.5186502933502197
2026-02-22,Capacete LS2,0,0.3946517857142859,0.18541606,0.3946517857142859,0.1854160577058792,0.3946517857142859,0.1854160577058792
2026-02-22,Capacete Pro Tork,2,1.7461269841269849,1.5201539,-0.25387301587301514,-0.47984611988067627,0.25387301587301514,0.47984611988067627
2026-02-22,Carregador USB Moto,0,0.7389474206349205,0.65476644,0.7389474206349205,0.6547664403915405,0.7389474206349205,0.6547664403915405
2026-02-22,Intercomunicador,0,0.15942857142857142,0.07602713,0.15942857142857142,0.07602713257074356,0.15942857142857142,0.07602713257074356
2026-02-22,Luva Motoboy,1,2.377352182539682,2.3530564,1.3773521825396822,1.3530564308166504,1.3773521825396822,1.3530564308166504
2026-02-22,Retrovisor Esportivo,0,1.136672619047619,0.47749463,1.136672619047619,0.47749462723731995,1.136672619047619,0.47749462723731995
2026-02-22,Suporte Celular Moto,2,2.39471726190476,2.369895,0.3947172619047601,0.36989498138427734,0.3947172619047601,0.36989498138427734
2026-02-23,Bag Delivery 45L,4,2.835581349206349,1.6314272,-1.164418650793651,-2.3685728311538696,1.164418650793651,2.3685728311538696
2026-02-23,Bag Delivery 80L,1,1.492961309523809,1.2766044,0.492961309523809,0.27660441398620605,0.492961309523809,0.27660441398620605
2026-02-23,Balaclava,0,1.200107142857143,0.782474,1.200107142857143,0.7824739813804626,1.200107142857143,0.7824739813804626
2026-02-23,Baú Moto 30L,3,2.058800595238095,1.2936671,-0.941199404761905,-1.7063329219818115,0.941199404761905,1.7063329219818115
2026-02-23,Capa de Chuva,0,3.311154761904762,2.288013,3.311154761904762,2.288012981414795,3.311154761904762,2.288012981414795
2026-02-23,Capacete LS2,3,0.27513988095238096,0.18320377,-2.724860119047619,-2.816796228289604,2.724860119047619,2.816796228289604
2026-02-23,Capacete Pro Tork,0,1.515423611111111,1.1996714,1.515423611111111,1.1996713876724243,1.515423611111111,1.1996713876724243
2026-02-23,Carregador USB Moto,4,0.7037083333333334,0.74487567,-3.296291666666667,-3.25512433052063,3.296291666666667,3.25512433052063
2026-02-23,Intercomunicador,1,0.10901785714285711,0.13178538,-0.890982142857143,-0.8682146221399307,0.890982142857143,0.8682146221399307
2026-02-23,Luva Motoboy,0,2.3010505952380944,1.842651,2.3010505952380944,1.8426510095596313,2.3010505952380944,1.8426510095596313
2026-02-23,Retrovisor Esportivo,1,0.7074880952380955,0.5157293,-0.2925119047619045,-0.48427069187164307,0.2925119047619045,0.48427069187164307
2026-02-23,Suporte Celular Moto,3,3.2150763888888885,3.326539,0.21507638888888847,0.3265390396118164,0.21507638888888847,0.3265390396118164
2026-02-24,Bag Delivery 45L,3,3.476948412698413,3.4725385,0.4769484126984129,0.47253847122192383,0.4769484126984129,0.47253847122192383
2026-02-24,Bag Delivery 80L,2,0.9376091269841268,1.2528119,-1.062390873015873,-0.7471880912780762,1.062390873015873,0.7471880912780762
2026-02-24,Balaclava,0,1.2982440476190478,0.6931205,1.2982440476190478,0.6931204795837402,1.2982440476190478,0.6931204795837402
2026-02-24,Baú Moto 30L,0,1.1250863095238093,0.7860735,1.1250863095238093,0.7860735058784485,1.1250863095238093,0.7860735058784485
2026-02-24,Capa de Chuva,2,3.2865257936507923,2.7286873,1.2865257936507923,0.7286872863769531,1.2865257936507923,0.7286872863769531
2026-02-24,Capacete LS2,0,0.31832738095238095,0.20975734,0.31832738095238095,0.20975734293460846,0.31832738095238095,0.20975734293460846
2026-02-24,Capacete Pro Tork,1,1.382149801587301,1.4719971,0.38214980158730105,0.47199714183807373,0.38214980158730105,0.47199714183807373
2026-02-24,Carregador USB Moto,1,0.7944583333333338,0.37533373,-0.20554166666666618,-0.6246662735939026,0.20554166666666618,0.6246662735939026
2026-02-24,Intercomunicador,0,0.09966666666666667,0.065252215,0.09966666666666667,0.06525221467018127,0.09966666666666667,0.06525221467018127
2026-02-24,Luva Motoboy,5,2.596253968253967,2.393754,-2.403746031746033,-2.606245994567871,2.403746031746033,2.606245994567871
2026-02-24,Retrovisor Esportivo,1,0.8489146825396827,0.48326212,-0.15108531746031728,-0.5167378783226013,0.15108531746031728,0.5167378783226013
2026-02-24,Suporte Celular Moto,1,3.163855158730158,2.566264,2.163855158730158,1.5662639141082764,2.163855158730158,1.5662639141082764
2026-02-25,Bag Delivery 45L,2,3.3925158730158733,2.4565315,1.3925158730158733,0.4565315246582031,1.3925158730158733,0.4565315246582031
2026-02-25,Bag Delivery 80L,0,1.4687688492063493,1.7516667,1.4687688492063493,1.7516666650772095,1.4687688492063493,1.7516666650772095
2026-02-25,Balaclava,0,1.2495595238095238,0.814051,1.2495595238095238,0.8140509724617004,1.2495595238095238,0.8140509724617004
2026-02-25,Baú Moto 30L,0,1.1005595238095238,1.0179491,1.1005595238095238,1.017949104309082,1.1005595238095238,1.017949104309082
2026-02-25,Capa de Chuva,2,3.370644841269841,3.3582587,1.3706448412698409,1.3582587242126465,1.3706448412698409,1.3582587242126465
2026-02-25,Capacete LS2,0,0.33261706349206344,0.23437992,0.33261706349206344,0.23437991738319397,0.33261706349206344,0.23437991738319397
2026-02-25,Capacete Pro Tork,5,1.7905833333333319,1.2580062,-3.209416666666668,-3.74199378490448,3.209416666666668,3.74199378490448
2026-02-25,Carregador USB Moto,2,1.1381755952380954,0.6123148,-0.8618244047619046,-1.3876851797103882,0.8618244047619046,1.3876851797103882
2026-02-25,Intercomunicador,0,0.09383333333333335,0.16933018,0.09383333333333335,0.1693301796913147,0.09383333333333335,0.1693301796913147
2026-02-25,Luva Motoboy,1,2.590245039682539,2.193465,1.590245039682539,1.193464994430542,1.590245039682539,1.193464994430542
2026-02-25,Retrovisor Esportivo,1,0.7836190476190477,0.5954072,-0.21638095238095234,-0.4045928120613098,0.21638095238095234,0.4045928120613098
2026-02-25,Suporte Celular Moto,2,3.0607418831168833,3.4922554,1.0607418831168833,1.492255449295044,1.0607418831168833,1.492255449295044
2026-02-26,Bag Delivery 45L,4,4.1800545634920665,3.4471169,0.1800545634920665,-0.5528831481933594,0.1800545634920665,0.5528831481933594
2026-02-26,Bag Delivery 80L,0,1.5599087301587296,1.7767969,1.5599087301587296,1.7767969369888306,1.5599087301587296,1.7767969369888306
2026-02-26,Balaclava,1,1.700671626984126,0.71314013,0.700671626984126,-0.2868598699569702,0.700671626984126,0.2868598699569702
2026-02-26,Baú Moto 30L,2,1.1930059523809522,1.053489,-0.8069940476190478,-0.9465110301971436,0.8069940476190478,0.9465110301971436
2026-02-26,Capa de Chuva,1,3.118798611111111,2.090614,2.118798611111111,1.0906140804290771,2.118798611111111,1.0906140804290771
2026-02-26,Capacete LS2,0,0.1690694444444444,0.2416281,0.1690694444444444,0.24162809550762177,0.1690694444444444,0.24162809550762177
2026-02-26,Capacete Pro Tork,0,2.1215962301587297,1.8223417,2.1215962301587297,1.8223416805267334,2.1215962301587297,1.8223416805267334
2026-02-26,Carregador USB Moto,0,0.8979940476190476,0.5950861,0.8979940476190476,0.5950860977172852,0.8979940476190476,0.5950860977172852
2026-02-26,Intercomunicador,0,0.16024999999999998,0.08981459,0.16024999999999998,0.08981458842754364,0.16024999999999998,0.08981458842754364
2026-02-26,Luva Motoboy,2,2.135437499999999,2.0960639,0.1354374999999992,0.09606385231018066,0.1354374999999992,0.09606385231018066
2026-02-26,Retrovisor Esportivo,0,0.3248958333333334,0.44354984,0.3248958333333334,0.44354984164237976,0.3248958333333334,0.44354984164237976
2026-02-26,Suporte Celular Moto,3,3.3232470238095226,3.329784,0.32324702380952264,0.32978391647338867,0.32324702380952264,0.32978391647338867
2026-02-27,Bag Delivery 45L,6,3.7301530483405503,2.432573,-2.2698469516594497,-3.567426919937134,2.2698469516594497,3.567426919937134
2026-02-27,Bag Delivery 80L,6,0.8030922619047618,1.0992883,-5.196907738095238,-4.90071165561676,5.196907738095238,4.90071165561676
2026-02-27,Balaclava,2,1.2165386904761903,0.6992595,-0.7834613095238097,-1.3007404804229736,0.7834613095238097,1.3007404804229736
2026-02-27,Baú Moto 30L,0,0.7451686507936509,0.8133739,0.7451686507936509,0.8133739233016968,0.7451686507936509,0.8133739233016968
2026-02-27,Capa de Chuva,0,2.667394841269842,1.5150633,2.667394841269842,1.5150632858276367,2.667394841269842,1.5150632858276367
2026-02-27,Capacete LS2,0,0.15909325396825397,0.1884032,0.15909325396825397,0.1884032040834427,0.15909325396825397,0.1884032040834427
2026-02-27,Capacete Pro Tork,0,1.9485882936507941,1.7860532,1.9485882936507941,1.78605318069458,1.9485882936507941,1.78605318069458
2026-02-27,Carregador USB Moto,0,0.7921488095238096,0.6704914,0.7921488095238096,0.6704913973808289,0.7921488095238096,0.6704913973808289
2026-02-27,Intercomunicador,0,0.24027380952380958,0.06714539,0.24027380952380958,0.06714539229869843,0.24027380952380958,0.06714539229869843
2026-02-27,Luva Motoboy,1,3.0623174603174608,2.2873533,2.0623174603174608,1.287353277206421,2.0623174603174608,1.287353277206421
2026-02-27,Retrovisor Esportivo,1,0.4279861111111114,0.46270955,-0.5720138888888886,-0.5372904539108276,0.5720138888888886,0.5372904539108276
2026-02-27,Suporte Celular Moto,2,2.9303789682539683,2.8132086,0.9303789682539683,0.8132085800170898,0.9303789682539683,0.8132085800170898
2026-02-28,Bag Delivery 45L,9,4.8502767857142866,3.760055,-4.1497232142857134,-5.239944934844971,4.1497232142857134,5.239944934844971
2026-02-28,Bag Delivery 80L,0,2.284401785714286,1.5683357,2.284401785714286,1.5683356523513794,2.284401785714286,1.5683356523513794
2026-02-28,Balaclava,0,1.1795634920634919,0.8921409,1.1795634920634919,0.8921409249305725,1.1795634920634919,0.8921409249305725
2026-02-28,Baú Moto 30L,0,1.1279563492063487,0.9415074,1.1279563492063487,0.9415073990821838,1.1279563492063487,0.9415073990821838
2026-02-28,Capa de Chuva,0,3.242103174603175,1.7422129,3.242103174603175,1.7422128915786743,3.242103174603175,1.7422128915786743
2026-02-28,Capacete LS2,0,0.20996726190476192,0.28168613,0.20996726190476192,0.28168612718582153,0.20996726190476192,0.28168612718582153
2026-02-28,Capacete Pro Tork,4,1.9592886904761904,1.9486172,-2.0407113095238096,-2.0513827800750732,2.0407113095238096,2.0513827800750732
2026-02-28,Carregador USB Moto,0,1.3817976190476187,0.41882876,1.3817976190476187,0.4188287556171417,1.3817976190476187,0.4188287556171417
2026-02-28,Intercomunicador,1,0.16181547619047612,0.11631247,-0.8381845238095239,-0.8836875334382057,0.8381845238095239,0.8836875334382057
2026-02-28,Luva Motoboy,3,3.4194196428571435,2.3895028,0.4194196428571435,-0.610497236251831,0.4194196428571435,0.610497236251831
2026-02-28,Retrovisor Esportivo,0,0.5530059523809526,0.5014055,0.5530059523809526,0.5014054775238037,0.5530059523809526,0.5014054775238037
2026-02-28,Suporte Celular Moto,3,3.084681547619046,3.064471,0.0846815476190459,0.06447100639343262,0.0846815476190459,0.06447100639343262
2026-03-01,Bag Delivery 45L,2,4.614213293650795,3.8988357,2.6142132936507947,1.8988356590270996,2.6142132936507947,1.8988356590270996
2026-03-01,Bag Delivery 80L,3,1.5437271825396826,0.97735405,-1.4562728174603174,-2.022645950317383,1.4562728174603174,2.022645950317383
2026-03-01,Balaclava,1,1.026380952380953,0.56840086,0.02638095238095306,-0.43159914016723633,0.02638095238095306,0.43159914016723633
2026-03-01,Baú Moto 30L,0,0.8955625000000006,0.60642534,0.8955625000000006,0.6064253449440002,0.8955625000000006,0.6064253449440002
2026-03-01,Capa de Chuva,1,1.0514801587301597,1.1011746,0.05148015873015965,0.10117459297180176,0.05148015873015965,0.10117459297180176
2026-03-01,Capacete LS2,0,0.36793750000000003,0.013356793,0.36793750000000003,0.013356792740523815,0.36793750000000003,0.013356792740523815
2026-03-01,Capacete Pro Tork,3,1.6718551587301582,1.2238008,-1.3281448412698418,-1.776199221611023,1.3281448412698418,1.776199221611023
2026-03-01,Carregador USB Moto,0,0.8204732142857144,0.45955923,0.8204732142857144,0.45955923199653625,0.8204732142857144,0.45955923199653625
2026-03-01,Intercomunicador,0,0.34671428571428575,0.0,0.34671428571428575,0.0,0.34671428571428575,0.0
2026-03-01,Luva Motoboy,4,2.3194513888888877,1.7856028,-1.6805486111111123,-2.2143971920013428,1.6805486111111123,2.2143971920013428
2026-03-01,Retrovisor Esportivo,1,0.9109226190476192,0.27743143,-0.08907738095238082,-0.7225685715675354,0.08907738095238082,0.7225685715675354
2026-03-01,Suporte Celular Moto,2,3.042229166666667,2.8892655,1.042229166666667,0.8892655372619629,1.042229166666667,0.8892655372619629
2026-03-02,Bag Delivery 45L,6,3.9241577380952366,4.491427,-2.0758422619047634,-1.508573055267334,2.0758422619047634,1.508573055267334
2026-03-02,Bag Delivery 80L,0,1.7548482142857145,1.3608333,1.7548482142857145,1.3608332872390747,1.7548482142857145,1.3608332872390747
2026-03-02,Balaclava,0,0.6806190476190476,0.6139095,0.6806190476190476,0.6139094829559326,0.6806190476190476,0.6139094829559326
2026-03-02,Baú Moto 30L,3,1.5420952380952375,0.82486296,-1.4579047619047625,-2.1751370429992676,1.4579047619047625,2.1751370429992676
2026-03-02,Capa de Chuva,3,2.0249156746031742,1.9851147,-0.9750843253968258,-1.0148853063583374,0.9750843253968258,1.0148853063583374
2026-03-02,Capacete LS2,2,0.18611309523809524,0.12823007,-1.8138869047619048,-1.8717699348926544,1.8138869047619048,1.8717699348926544
2026-03-02,Capacete Pro Tork,6,2.333196428571428,1.6727769,-3.666803571428572,-4.327223062515259,3.666803571428572,4.327223062515259
2026-03-02,Carregador USB Moto,0,1.300470238095238,0.76004404,1.300470238095238,0.7600440382957458,1.300470238095238,0.7600440382957458
2026-03-02,Intercomunicador,0,0.11036111111111113,0.019803142,0.11036111111111113,0.019803142175078392,0.11036111111111113,0.019803142175078392
2026-03-02,Luva Motoboy,1,1.3543878968253968,1.6767223,0.35438789682539684,0.6767222881317139,0.35438789682539684,0.6767222881317139
2026-03-02,Retrovisor Esportivo,1,0.45610119047619063,0.42913818,-0.5438988095238093,-0.57086181640625,0.5438988095238093,0.57086181640625
2026-03-02,Suporte Celular Moto,6,3.5632892316017326,3.0012615,-2.4367107683982674,-2.9987385272979736,2.4367107683982674,2.9987385272979736
2026-03-03,Bag Delivery 45L,4,5.081799603174603,4.6935596,1.0817996031746029,0.6935596466064453,1.0817996031746029,0.6935596466064453
2026-03-03,Bag Delivery 80L,0,1.8808660714285719,1.3237957,1.8808660714285719,1.3237956762313843,1.8808660714285719,1.3237956762313843
2026-03-03,Balaclava,0,1.0414345238095237,0.68332803,1.0414345238095237,0.6833280324935913,1.0414345238095237,0.6833280324935913
2026-03-03,Baú Moto 30L,0,1.0835714285714284,0.84835714,1.0835714285714284,0.8483571410179138,1.0835714285714284,0.8483571410179138
2026-03-03,Capa de Chuva,2,1.625176587301587,1.3579568,-0.3748234126984129,-0.6420432329177856,0.3748234126984129,0.6420432329177856
2026-03-03,Capacete LS2,0,0.49227579365079366,0.22146848,0.49227579365079366,0.2214684784412384,0.49227579365079366,0.2214684784412384
2026-03-03,Capacete Pro Tork,0,1.8349672619047621,1.5323753,1.8349672619047621,1.5323753356933594,1.8349672619047621,1.5323753356933594
2026-03-03,Carregador USB Moto,0,0.9398720238095241,0.6392309,0.9398720238095241,0.6392309069633484,0.9398720238095241,0.6392309069633484
2026-03-03,Intercomunicador,0,0.0685892857142857,0.036960315,0.0685892857142857,0.03696031495928764,0.0685892857142857,0.03696031495928764
2026-03-03,Luva Motoboy,5,1.55544246031746,2.001123,-3.44455753968254,-2.9988770484924316,3.44455753968254,2.9988770484924316
2026-03-03,Retrovisor Esportivo,0,0.371202380952381,0.4705567,0.371202380952381,0.47055670619010925,0.371202380952381,0.47055670619010925
2026-03-03,Suporte Celular Moto,1,3.1448266594516623,3.198298,2.1448266594516623,2.1982979774475098,2.1448266594516623,2.1982979774475098
2026-03-04,Bag Delivery 45L,1,3.9389821428571423,4.433685,2.9389821428571423,3.433684825897217,2.9389821428571423,3.433684825897217
2026-03-04,Bag Delivery 80L,1,1.9840952380952386,1.3423928,0.9840952380952386,0.34239280223846436,0.9840952380952386,0.34239280223846436
2026-03-04,Balaclava,1,0.9076785714285717,0.5912367,-0.09232142857142833,-0.4087632894515991,0.09232142857142833,0.4087632894515991
2026-03-04,Baú Moto 30L,1,0.8419880952380955,0.7371578,-0.15801190476190452,-0.26284217834472656,0.15801190476190452,0.26284217834472656
2026-03-04,Capa de Chuva,4,1.4513283730158728,1.7789925,-2.5486716269841274,-2.221007466316223,2.5486716269841274,2.221007466316223
2026-03-04,Capacete LS2,0,0.5660416666666667,0.18382739,0.5660416666666667,0.18382738530635834,0.5660416666666667,0.18382738530635834
2026-03-04,Capacete Pro Tork,3,1.6992976190476192,1.5115006,-1.3007023809523808,-1.488499402999878,1.3007023809523808,1.488499402999878
2026-03-04,Carregador USB Moto,4,0.7852916666666668,0.58618796,-3.2147083333333333,-3.413812041282654,3.2147083333333333,3.413812041282654
2026-03-04,Intercomunicador,0,0.09379761904761903,0.007312151,0.09379761904761903,0.00731215113773942,0.09379761904761903,0.00731215113773942
2026-03-04,Luva Motoboy,1,1.6671160714285715,1.6954956,0.6671160714285715,0.69549560546875,0.6671160714285715,0.69549560546875
2026-03-04,Retrovisor Esportivo,0,0.47697619047619055,0.3572863,0.47697619047619055,0.3572863042354584,0.47697619047619055,0.3572863042354584
2026-03-04,Suporte Celular Moto,7,2.9532222222222226,2.9288049,-4.046777777777777,-4.071195125579834,4.046777777777777,4.071195125579834
2026-03-05,Bag Delivery 45L,1,3.901475198412699,2.882407,2.901475198412699,1.8824069499969482,2.901475198412699,1.8824069499969482
2026-03-05,Bag Delivery 80L,0,1.2720297619047622,1.3481039,1.2720297619047622,1.3481038808822632,1.2720297619047622,1.3481038808822632
2026-03-05,Balaclava,0,0.9897023809523812,0.6205865,0.9897023809523812,0.6205865144729614,0.9897023809523812,0.6205865144729614
2026-03-05,Baú Moto 30L,2,1.0145218253968253,0.77577925,-0.9854781746031747,-1.2242207527160645,0.9854781746031747,1.2242207527160645
2026-03-05,Capa de Chuva,7,2.5745496031746016,2.0486693,-4.425450396825399,-4.951330661773682,4.425450396825399,4.951330661773682
2026-03-05,Capacete LS2,1,0.5065178571428572,0.19035693,-0.49348214285714276,-0.8096430748701096,0.49348214285714276,0.8096430748701096
2026-03-05,Capacete Pro Tork,1,1.7092916666666675,1.3759348,0.7092916666666675,0.3759348392486572,0.7092916666666675,0.3759348392486572
2026-03-05,Carregador USB Moto,1,0.6485892857142859,0.3198188,-0.35141071428571413,-0.6801812052726746,0.35141071428571413,0.6801812052726746
2026-03-05,Intercomunicador,0,0.09217261904761907,0.026050378,0.09217261904761907,0.026050377637147903,0.09217261904761907,0.026050377637147903
2026-03-05,Luva Motoboy,1,2.045729166666666,2.1545975,1.045729166666666,1.154597520828247,1.045729166666666,1.154597520828247
2026-03-05,Retrovisor Esportivo,2,0.43822023809523813,0.36193675,-1.561779761904762,-1.6380632519721985,1.561779761904762,1.6380632519721985
2026-03-05,Suporte Celular Moto,3,3.1726857864357867,3.1878448,0.1726857864357867,0.18784475326538086,0.1726857864357867,0.18784475326538086
2026-03-06,Bag Delivery 45L,6,3.075954365079366,3.0230381,-2.924045634920634,-2.976961851119995,2.924045634920634,2.976961851119995
2026-03-06,Bag Delivery 80L,4,1.2138809523809524,1.4038486,-2.7861190476190476,-2.596151351928711,2.7861190476190476,2.596151351928711
2026-03-06,Balaclava,1,1.1571488095238096,0.5939116,0.1571488095238096,-0.4060884118080139,0.1571488095238096,0.4060884118080139
2026-03-06,Baú Moto 30L,0,0.9057767857142861,0.664428,0.9057767857142861,0.6644279956817627,0.9057767857142861,0.6644279956817627
2026-03-06,Capa de Chuva,7,2.4324503968253968,1.9575635,-4.567549603174603,-5.042436480522156,4.567549603174603,5.042436480522156
2026-03-06,Capacete LS2,0,0.23579761904761898,0.14307813,0.23579761904761898,0.14307813346385956,0.23579761904761898,0.14307813346385956
2026-03-06,Capacete Pro Tork,2,1.9646398809523808,1.2430717,-0.035360119047619154,-0.7569283246994019,0.035360119047619154,0.7569283246994019
2026-03-06,Carregador USB Moto,0,0.6158452380952383,0.5460964,0.6158452380952383,0.5460963845252991,0.6158452380952383,0.5460963845252991
2026-03-06,Intercomunicador,0,0.1293392857142857,0.016257415,0.1293392857142857,0.01625741459429264,0.1293392857142857,0.01625741459429264
2026-03-06,Luva Motoboy,2,1.4887916666666663,1.8722669,-0.5112083333333337,-0.12773311138153076,0.5112083333333337,0.12773311138153076
2026-03-06,Retrovisor Esportivo,3,0.4777182539682539,0.379539,-2.522281746031746,-2.6204609870910645,2.522281746031746,2.6204609870910645
2026-03-06,Suporte Celular Moto,6,2.2605803571428575,2.3054438,-3.7394196428571425,-3.69455623626709,3.7394196428571425,3.69455623626709
2026-03-07,Bag Delivery 45L,3,3.201372023809524,2.1298592,0.2013720238095238,-0.870140790939331,0.2013720238095238,0.870140790939331
2026-03-07,Bag Delivery 80L,3,0.88715376984127,0.7891603,-2.11284623015873,-2.2108396887779236,2.11284623015873,2.2108396887779236
2026-03-07,Balaclava,2,1.2273452380952385,0.6778164,-0.7726547619047615,-1.322183609008789,0.7726547619047615,1.322183609008789
2026-03-07,Baú Moto 30L,2,0.9548809523809523,0.8291606,-1.0451190476190477,-1.1708394289016724,1.0451190476190477,1.1708394289016724
2026-03-07,Capa de Chuva,4,2.1677380952380942,1.6843821,-1.8322619047619058,-2.3156179189682007,1.8322619047619058,2.3156179189682007
2026-03-07,Capacete LS2,1,0.14500595238095243,0.16324492,-0.8549940476190476,-0.8367550820112228,0.8549940476190476,0.8367550820112228
2026-03-07,Capacete Pro Tork,2,1.6449186507936497,1.1416996,-0.35508134920635026,-0.8583004474639893,0.35508134920635026,0.8583004474639893
2026-03-07,Carregador USB Moto,0,0.7293839285714288,0.6999393,0.7293839285714288,0.6999393105506897,0.7293839285714288,0.6999393105506897
2026-03-07,Intercomunicador,0,0.14333928571428567,0.063222304,0.14333928571428567,0.06322230398654938,0.14333928571428567,0.06322230398654938
2026-03-07,Luva Motoboy,4,2.0015744047619055,2.0631325,-1.9984255952380945,-1.9368674755096436,1.9984255952380945,1.9368674755096436
2026-03-07,Retrovisor Esportivo,0,0.3747559523809522,0.3186459,0.3747559523809522,0.3186458945274353,0.3747559523809522,0.3186458945274353
2026-03-07,Suporte Celular Moto,3,2.3549159451659443,2.8173368,-0.6450840548340557,-0.1826632022857666,0.6450840548340557,0.1826632022857666
2026-03-08,Bag Delivery 45L,3,2.7139365079365088,3.0655184,-0.28606349206349124,0.06551837921142578,0.28606349206349124,0.06551837921142578
2026-03-08,Bag Delivery 80L,0,1.2760000000000002,1.1133481,1.2760000000000002,1.113348126411438,1.2760000000000002,1.113348126411438
2026-03-08,Balaclava,0,0.9911944444444449,0.62131375,0.9911944444444449,0.621313750743866,0.9911944444444449,0.621313750743866
2026-03-08,Baú Moto 30L,2,0.915986111111111,0.8574539,-1.084013888888889,-1.1425461173057556,1.084013888888889,1.1425461173057556
2026-03-08,Capa de Chuva,3,2.1274186507936506,1.9762217,-0.8725813492063494,-1.0237783193588257,0.8725813492063494,1.0237783193588257
2026-03-08,Capacete LS2,0,0.08808333333333333,0.13486302,0.08808333333333333,0.134863018989563,0.08808333333333333,0.134863018989563
2026-03-08,Capacete Pro Tork,5,1.6948025793650794,1.4483594,-3.3051974206349204,-3.5516406297683716,3.3051974206349204,3.5516406297683716
2026-03-08,Carregador USB Moto,1,0.4599613095238094,0.7333588,-0.5400386904761906,-0.26664119958877563,0.5400386904761906,0.26664119958877563
2026-03-08,Intercomunicador,0,0.18340476190476188,0.097484596,0.18340476190476188,0.09748459607362747,0.18340476190476188,0.09748459607362747
2026-03-08,Luva Motoboy,1,2.100462301587302,1.9822193,1.100462301587302,0.9822193384170532,1.100462301587302,0.9822193384170532
2026-03-08,Retrovisor Esportivo,0,0.5952797619047616,0.5076051,0.5952797619047616,0.5076050758361816,0.5952797619047616,0.5076050758361816
2026-03-08,Suporte Celular Moto,2,2.195303571428571,2.658726,0.19530357142857113,0.6587259769439697,0.19530357142857113,0.6587259769439697
2026-03-09,Bag Delivery 45L,1,3.262324404761905,3.2205362,2.262324404761905,2.220536231994629,2.262324404761905,2.220536231994629
2026-03-09,Bag Delivery 80L,0,1.7971160714285725,1.3933623,1.7971160714285725,1.393362283706665,1.7971160714285725,1.393362283706665
2026-03-09,Balaclava,0,0.7865337301587303,0.6649623,0.7865337301587303,0.6649622917175293,0.7865337301587303,0.6649622917175293
2026-03-09,Baú Moto 30L,0,0.9572053571428577,1.0584308,0.9572053571428577,1.058430790901184,0.9572053571428577,1.058430790901184
2026-03-09,Capa de Chuva,0,2.502455357142856,1.9739577,2.502455357142856,1.9739576578140259,2.502455357142856,1.9739576578140259
2026-03-09,Capacete LS2,1,0.21376190476190476,0.23487036,-0.7862380952380952,-0.7651296406984329,0.7862380952380952,0.7651296406984329
2026-03-09,Capacete Pro Tork,0,1.9013452380952387,1.4176553,1.9013452380952387,1.417655348777771,1.9013452380952387,1.417655348777771
2026-03-09,Carregador USB Moto,0,0.7008749999999998,0.7103752,0.7008749999999998,0.710375189781189,0.7008749999999998,0.710375189781189
2026-03-09,Intercomunicador,0,0.05658333333333333,0.2211789,0.05658333333333333,0.22117890417575836,0.05658333333333333,0.22117890417575836
2026-03-09,Luva Motoboy,2,1.7145089285714274,2.2396083,-0.28549107142857255,0.2396082878112793,0.28549107142857255,0.2396082878112793
2026-03-09,Retrovisor Esportivo,1,0.5651250000000002,0.61062294,-0.4348749999999998,-0.38937705755233765,0.4348749999999998,0.38937705755233765
2026-03-09,Suporte Celular Moto,1,4.005510912698413,3.4935656,3.005510912698413,2.493565559387207,3.005510912698413,2.493565559387207
2026-03-10,Bag Delivery 45L,1,4.019520833333334,3.7273343,3.019520833333334,2.7273342609405518,3.019520833333334,2.7273342609405518
2026-03-10,Bag Delivery 80L,0,1.76397537878788,1.2267566,1.76397537878788,1.2267565727233887,1.76397537878788,1.2267565727233887
2026-03-10,Balaclava,0,0.7307896825396828,0.5957516,0.7307896825396828,0.5957515835762024,0.7307896825396828,0.5957515835762024
2026-03-10,Baú Moto 30L,1,0.8614513888888888,0.8855401,-0.13854861111111116,-0.11445987224578857,0.13854861111111116,0.11445987224578857
2026-03-10,Capa de Chuva,0,2.879908008658009,2.519771,2.879908008658009,2.519771099090576,2.879908008658009,2.519771099090576
2026-03-10,Capacete LS2,0,0.06910714285714285,0.07726821,0.06910714285714285,0.07726821303367615,0.06910714285714285,0.07726821303367615
2026-03-10,Capacete Pro Tork,1,1.5364166666666668,1.4653765,0.5364166666666668,0.46537649631500244,0.5364166666666668,0.46537649631500244
2026-03-10,Carregador USB Moto,1,0.8214404761904762,0.67258036,-0.17855952380952378,-0.327419638633728,0.17855952380952378,0.327419638633728
2026-03-10,Intercomunicador,0,0.08958333333333333,0.06832151,0.08958333333333333,0.06832151114940643,0.08958333333333333,0.06832151114940643
2026-03-10,Luva Motoboy,0,1.4688303571428576,2.0695727,1.4688303571428576,2.069572687149048,1.4688303571428576,2.069572687149048
2026-03-10,Retrovisor Esportivo,0,0.4895595238095238,0.5242508,0.4895595238095238,0.5242508053779602,0.4895595238095238,0.5242508053779602
2026-03-10,Suporte Celular Moto,2,2.9669831349206355,3.124034,0.9669831349206355,1.1240339279174805,0.9669831349206355,1.1240339279174805
2026-03-11,Bag Delivery 45L,4,3.8934583333333346,2.916718,-0.10654166666666542,-1.0832819938659668,0.10654166666666542,1.0832819938659668
2026-03-11,Bag Delivery 80L,1,1.3070476190476186,1.0446018,0.30704761904761857,0.04460179805755615,0.30704761904761857,0.04460179805755615
2026-03-11,Balaclava,2,0.6471577380952379,0.5897184,-1.3528422619047622,-1.4102815985679626,1.3528422619047622,1.4102815985679626
2026-03-11,Baú Moto 30L,0,0.7454007936507938,0.7757787,0.7454007936507938,0.7757787108421326,0.7454007936507938,0.7757787108421326
2026-03-11,Capa de Chuva,1,2.2826220238095236,1.9596773,1.2826220238095236,0.9596773386001587,1.2826220238095236,0.9596773386001587
2026-03-11,Capacete LS2,0,0.07064880952380953,0.08065506,0.07064880952380953,0.0806550607085228,0.07064880952380953,0.0806550607085228
2026-03-11,Capacete Pro Tork,7,1.409186507936508,1.3690183,-5.590813492063492,-5.630981683731079,5.590813492063492,5.630981683731079
2026-03-11,Carregador USB Moto,0,1.037389880952381,0.7953991,1.037389880952381,0.7953991293907166,1.037389880952381,0.7953991293907166
2026-03-11,Intercomunicador,0,0.14341666666666664,0.05690367,0.14341666666666664,0.056903671473264694,0.14341666666666664,0.056903671473264694
2026-03-11,Luva Motoboy,0,1.5821557539682543,2.004222,1.5821557539682543,2.0042219161987305,1.5821557539682543,2.0042219161987305
2026-03-11,Retrovisor Esportivo,0,0.6845684523809523,0.59385115,0.6845684523809523,0.5938511490821838,0.6845684523809523,0.5938511490821838
2026-03-11,Suporte Celular Moto,0,2.394665674603176,2.1796863,2.394665674603176,2.1796863079071045,2.394665674603176,2.1796863079071045
2026-03-12,Bag Delivery 45L,11,3.5771924603174567,2.7981007,-7.422807539682543,-8.201899290084839,7.422807539682543,8.201899290084839
2026-03-12,Bag Delivery 80L,0,1.5554732142857148,1.2413123,1.5554732142857148,1.2413122653961182,1.5554732142857148,1.2413122653961182
2026-03-12,Balaclava,0,0.8228065476190473,0.96109384,0.8228065476190473,0.9610938429832458,0.8228065476190473,0.9610938429832458
2026-03-12,Baú Moto 30L,0,1.0180029761904763,0.9596377,1.0180029761904763,0.9596377015113831,1.0180029761904763,0.9596377015113831
2026-03-12,Capa de Chuva,0,2.3359653679653682,1.7901534,2.3359653679653682,1.7901533842086792,2.3359653679653682,1.7901533842086792
2026-03-12,Capacete LS2,0,0.13794047619047622,0.07689095,0.13794047619047622,0.07689095288515091,0.13794047619047622,0.07689095288515091
2026-03-12,Capacete Pro Tork,0,1.8319583333333338,1.5809889,1.8319583333333338,1.580988883972168,1.8319583333333338,1.580988883972168
2026-03-12,Carregador USB Moto,0,0.406547619047619,0.4886471,0.406547619047619,0.48864710330963135,0.406547619047619,0.48864710330963135
2026-03-12,Intercomunicador,0,0.21677380952380956,0.06550767,0.21677380952380956,0.065507672727108,0.21677380952380956,0.065507672727108
2026-03-12,Luva Motoboy,3,2.1464474206349213,2.569969,-0.8535525793650787,-0.43003106117248535,0.8535525793650787,0.43003106117248535
2026-03-12,Retrovisor Esportivo,0,0.5886428571428571,0.48736778,0.5886428571428571,0.48736777901649475,0.5886428571428571,0.48736777901649475
2026-03-12,Suporte Celular Moto,1,3.0095922619047615,3.1594996,2.0095922619047615,2.1594996452331543,2.0095922619047615,2.1594996452331543
2026-03-13,Bag Delivery 45L,2,3.944622023809524,2.8179245,1.944622023809524,0.8179244995117188,1.944622023809524,0.8179244995117188
2026-03-13,Bag Delivery 80L,4,1.5585178571428568,1.3249623,-2.441482142857143,-2.6750377416610718,2.441482142857143,2.6750377416610718
2026-03-13,Balaclava,0,1.0212589285714286,0.9729759,1.0212589285714286,0.9729759097099304,1.0212589285714286,0.9729759097099304
2026-03-13,Baú Moto 30L,6,0.721657738095238,0.69718254,-5.278342261904762,-5.302817463874817,5.278342261904762,5.302817463874817
2026-03-13,Capa de Chuva,5,2.6774226190476185,1.4657128,-2.3225773809523815,-3.534287214279175,2.3225773809523815,3.534287214279175
2026-03-13,Capacete LS2,0,0.23219642857142858,0.080371685,0.23219642857142858,0.0803716853260994,0.23219642857142858,0.0803716853260994
2026-03-13,Capacete Pro Tork,1,1.2688214285714279,1.4329202,0.2688214285714279,0.4329202175140381,0.2688214285714279,0.4329202175140381
2026-03-13,Carregador USB Moto,0,0.4621547619047621,0.46351475,0.4621547619047621,0.4635147452354431,0.4621547619047621,0.4635147452354431
2026-03-13,Intercomunicador,0,0.31749404761904754,0.052232858,0.31749404761904754,0.052232857793569565,0.31749404761904754,0.052232857793569565
2026-03-13,Luva Motoboy,2,1.6693819444444444,1.9250458,-0.33061805555555557,-0.07495415210723877,0.33061805555555557,0.07495415210723877
2026-03-13,Retrovisor Esportivo,2,0.6563779761904759,0.55425835,-1.343622023809524,-1.4457416534423828,1.343622023809524,1.4457416534423828
2026-03-13,Suporte Celular Moto,4,2.755014880952382,3.2292752,-1.2449851190476182,-0.7707247734069824,1.2449851190476182,0.7707247734069824
2026-03-14,Bag Delivery 45L,4,2.3361587301587305,2.137934,-1.6638412698412695,-1.8620660305023193,1.6638412698412695,1.8620660305023193
2026-03-14,Bag Delivery 80L,2,1.4325416666666673,0.87749785,-0.5674583333333327,-1.1225021481513977,0.5674583333333327,1.1225021481513977
2026-03-14,Balaclava,0,0.9315297619047621,0.82239896,0.9315297619047621,0.8223989605903625,0.9315297619047621,0.8223989605903625
2026-03-14,Baú Moto 30L,0,1.2895277777777778,0.91794217,1.2895277777777778,0.9179421663284302,1.2895277777777778,0.9179421663284302
2026-03-14,Capa de Chuva,5,2.13479861111111,2.1594024,-2.86520138888889,-2.840597629547119,2.86520138888889,2.840597629547119
2026-03-14,Capacete LS2,0,0.40802976190476203,0.10953342,0.40802976190476203,0.10953342169523239,0.40802976190476203,0.10953342169523239
2026-03-14,Capacete Pro Tork,6,1.6402073412698415,1.7909054,-4.359792658730159,-4.2090946435928345,4.359792658730159,4.2090946435928345
2026-03-14,Carregador USB Moto,0,0.5418928571428573,0.51584893,0.5418928571428573,0.5158489346504211,0.5418928571428573,0.5158489346504211
2026-03-14,Intercomunicador,0,0.39145833333333335,0.15520443,0.39145833333333335,0.1552044302225113,0.39145833333333335,0.1552044302225113
2026-03-14,Luva Motoboy,2,2.2022529761904766,2.1042924,0.20225297619047655,0.10429239273071289,0.20225297619047655,0.10429239273071289
2026-03-14,Retrovisor Esportivo,0,0.47381547619047615,0.4526233,0.47381547619047615,0.45262330770492554,0.47381547619047615,0.45262330770492554
2026-03-14,Suporte Celular Moto,5,3.3808769841269837,2.911847,-1.6191230158730163,-2.0881528854370117,1.6191230158730163,2.0881528854370117
2026-03-15,Bag Delivery 45L,5,2.176541666666667,1.7335918,-2.823458333333333,-3.2664082050323486,2.823458333333333,3.2664082050323486
2026-03-15,Bag Delivery 80L,0,1.208241071428571,1.1154541,1.208241071428571,1.115454077720642,1.208241071428571,1.115454077720642
2026-03-15,Balaclava,2,0.9671190476190472,0.8101951,-1.0328809523809528,-1.1898049116134644,1.0328809523809528,1.1898049116134644
2026-03-15,Baú Moto 30L,1,0.9390267857142857,0.7525671,-0.06097321428571434,-0.2474328875541687,0.06097321428571434,0.2474328875541687
2026-03-15,Capa de Chuva,7,2.0852976190476182,1.8598666,-4.914702380952382,-5.140133380889893,4.914702380952382,5.140133380889893
2026-03-15,Capacete LS2,1,0.4225059523809525,0.07177257,-0.5774940476190475,-0.9282274320721626,0.5774940476190475,0.9282274320721626
2026-03-15,Capacete Pro Tork,2,1.6144305555555558,1.2477793,-0.3855694444444442,-0.7522207498550415,0.3855694444444442,0.7522207498550415
2026-03-15,Carregador USB Moto,0,0.6171339285714288,0.47080395,0.6171339285714288,0.4708039462566376,0.6171339285714288,0.4708039462566376
2026-03-15,Intercomunicador,0,0.4148690476190475,0.049418084,0.4148690476190475,0.04941808432340622,0.4148690476190475,0.04941808432340622
2026-03-15,Luva Motoboy,5,2.570695436507936,1.9058858,-2.429304563492064,-3.0941141843795776,2.429304563492064,3.0941141843795776
2026-03-15,Retrovisor Esportivo,0,0.6415416666666666,0.69069326,0.6415416666666666,0.6906932592391968,0.6415416666666666,0.6906932592391968
2026-03-15,Suporte Celular Moto,1,2.9733968253968244,2.9528856,1.9733968253968244,1.952885627746582,1.9733968253968244,1.952885627746582
2026-03-16,Bag Delivery 45L,2,2.592449404761904,2.6640737,0.5924494047619042,0.6640737056732178,0.5924494047619042,0.6640737056732178
2026-03-16,Bag Delivery 80L,0,1.3636845238095239,1.1066461,1.3636845238095239,1.1066460609436035,1.3636845238095239,1.1066460609436035
2026-03-16,Balaclava,3,0.820347222222222,0.74035,-2.179652777777778,-2.2596499919891357,2.179652777777778,2.2596499919891357
2026-03-16,Baú Moto 30L,0,1.4253750000000007,1.171955,1.4253750000000007,1.1719549894332886,1.4253750000000007,1.1719549894332886
2026-03-16,Capa de Chuva,2,3.0740932539682535,3.3723865,1.0740932539682535,1.3723864555358887,1.0740932539682535,1.3723864555358887
2026-03-16,Capacete LS2,0,0.22405952380952382,0.15801024,0.22405952380952382,0.15801024436950684,0.22405952380952382,0.15801024436950684
2026-03-16,Capacete Pro Tork,0,2.4368204365079347,2.3030188,2.4368204365079347,2.303018808364868,2.4368204365079347,2.303018808364868
2026-03-16,Carregador USB Moto,0,0.36662500000000003,0.5000999,0.36662500000000003,0.5000998973846436,0.36662500000000003,0.5000998973846436
2026-03-16,Intercomunicador,0,0.13157738095238095,0.04656586,0.13157738095238095,0.046565860509872437,0.13157738095238095,0.046565860509872437
2026-03-16,Luva Motoboy,4,1.8926755952380947,1.922864,-2.107324404761905,-2.0771360397338867,2.107324404761905,2.0771360397338867
2026-03-16,Retrovisor Esportivo,0,0.3607440476190476,0.54204434,0.3607440476190476,0.5420443415641785,0.3607440476190476,0.5420443415641785
2026-03-16,Suporte Celular Moto,2,4.248764880952382,3.50303,2.2487648809523817,1.5030300617218018,2.2487648809523817,1.5030300617218018
2026-03-17,Bag Delivery 45L,1,3.373422619047619,3.7724493,2.373422619047619,2.772449254989624,2.373422619047619,2.772449254989624
2026-03-17,Bag Delivery 80L,3,1.3157410714285716,1.0846922,-1.6842589285714284,-1.9153077602386475,1.6842589285714284,1.9153077602386475
2026-03-17,Balaclava,2,0.6591785714285716,0.64743006,-1.3408214285714284,-1.3525699377059937,1.3408214285714284,1.3525699377059937
2026-03-17,Baú Moto 30L,0,1.5465763888888893,1.0475143,1.5465763888888893,1.0475143194198608,1.5465763888888893,1.0475143194198608
2026-03-17,Capa de Chuva,4,2.355535714285715,2.0671558,-1.6444642857142848,-1.9328441619873047,1.6444642857142848,1.9328441619873047
2026-03-17,Capacete LS2,2,0.09532142857142857,0.11767821,-1.9046785714285714,-1.8823217898607254,1.9046785714285714,1.8823217898607254
2026-03-17,Capacete Pro Tork,3,1.5872222222222225,1.3282684,-1.4127777777777775,-1.6717315912246704,1.4127777777777775,1.6717315912246704
2026-03-17,Carregador USB Moto,0,0.5629404761904763,0.5172536,0.5629404761904763,0.517253577709198,0.5629404761904763,0.517253577709198
2026-03-17,Intercomunicador,0,0.13345238095238096,0.037264515,0.13345238095238096,0.037264514714479446,0.13345238095238096,0.037264514714479446
2026-03-17,Luva Motoboy,1,1.8451458333333337,1.8859949,0.8451458333333337,0.8859949111938477,0.8451458333333337,0.8859949111938477
2026-03-17,Retrovisor Esportivo,0,0.23691071428571425,0.42394498,0.23691071428571425,0.42394497990608215,0.23691071428571425,0.42394497990608215
2026-03-17,Suporte Celular Moto,4,3.9119454365079367,3.622222,-0.08805456349206331,-0.3777780532836914,0.08805456349206331,0.3777780532836914
2026-03-18,Bag Delivery 45L,0,3.6948422619047614,4.2838902,3.6948422619047614,4.283890247344971,3.6948422619047614,4.283890247344971
2026-03-18,Bag Delivery 80L,0,1.1051369047619044,1.1905547,1.1051369047619044,1.1905547380447388,1.1051369047619044,1.1905547380447388
2026-03-18,Balaclava,0,0.6511369047619051,0.77347124,0.6511369047619051,0.7734712362289429,0.6511369047619051,0.7734712362289429
2026-03-18,Baú Moto 30L,0,1.55370634920635,1.1566095,1.55370634920635,1.1566095352172852,1.55370634920635,1.1566095352172852
2026-03-18,Capa de Chuva,1,2.2297619047619053,1.2174878,1.2297619047619053,0.21748781204223633,1.2297619047619053,0.21748781204223633
2026-03-18,Capacete LS2,0,0.24650000000000002,0.113586836,0.24650000000000002,0.11358683556318283,0.24650000000000002,0.11358683556318283
2026-03-18,Capacete Pro Tork,1,1.103964285714285,0.28376257,0.10396428571428507,-0.7162374258041382,0.10396428571428507,0.7162374258041382
2026-03-18,Carregador USB Moto,0,0.5120833333333334,0.48720247,0.5120833333333334,0.4872024655342102,0.5120833333333334,0.4872024655342102
2026-03-18,Intercomunicador,0,0.214077380952381,0.03714498,0.214077380952381,0.0371449813246727,0.214077380952381,0.0371449813246727
2026-03-18,Luva Motoboy,5,1.8150168650793657,2.014863,-3.1849831349206346,-2.9851369857788086,3.1849831349206346,2.9851369857788086
2026-03-18,Retrovisor Esportivo,0,0.21070238095238092,0.42036995,0.21070238095238092,0.420369952917099,0.21070238095238092,0.420369952917099
2026-03-18,Suporte Celular Moto,0,3.4080744047619054,3.2674394,3.4080744047619054,3.267439365386963,3.4080744047619054,3.267439365386963
2026-03-19,Bag Delivery 45L,1,4.53992857142857,5.5822935,3.53992857142857,4.582293510437012,3.53992857142857,4.582293510437012
2026-03-19,Bag Delivery 80L,0,1.5645744047619052,1.1432394,1.5645744047619052,1.1432393789291382,1.5645744047619052,1.1432393789291382
2026-03-19,Balaclava,0,0.6940079365079365,0.80913734,0.6940079365079365,0.8091373443603516,0.6940079365079365,0.8091373443603516
2026-03-19,Baú Moto 30L,1,1.8822341269841274,1.2433662,0.8822341269841274,0.24336624145507812,0.8822341269841274,0.24336624145507812
2026-03-19,Capa de Chuva,2,2.9552490079365077,2.3175652,0.9552490079365077,0.3175652027130127,0.9552490079365077,0.3175652027130127
2026-03-19,Capacete LS2,0,0.08914583333333333,0.18081936,0.08914583333333333,0.18081936240196228,0.08914583333333333,0.18081936240196228
2026-03-19,Capacete Pro Tork,0,1.378053571428572,1.3199419,1.378053571428572,1.3199418783187866,1.378053571428572,1.3199418783187866
2026-03-19,Carregador USB Moto,1,0.7709910714285716,0.57929194,-0.2290089285714284,-0.4207080602645874,0.2290089285714284,0.4207080602645874
2026-03-19,Intercomunicador,0,0.5687380952380952,0.046822842,0.5687380952380952,0.046822842210531235,0.5687380952380952,0.046822842210531235
2026-03-19,Luva Motoboy,3,2.1770238095238104,2.4998486,-0.8229761904761896,-0.5001513957977295,0.8229761904761896,0.5001513957977295
2026-03-19,Retrovisor Esportivo,4,0.23701587301587299,0.47324887,-3.762984126984127,-3.5267511308193207,3.762984126984127,3.5267511308193207
2026-03-19,Suporte Celular Moto,2,3.410669642857144,3.1815517,1.410669642857144,1.1815516948699951,1.410669642857144,1.1815516948699951
2026-03-20,Bag Delivery 45L,5,3.056129960317459,3.093419,-1.9438700396825408,-1.906580924987793,1.9438700396825408,1.906580924987793
2026-03-20,Bag Delivery 80L,4,1.442037878787878,1.1469029,-2.557962121212122,-2.853097081184387,2.557962121212122,2.853097081184387
2026-03-20,Balaclava,2,0.6795198412698413,0.8189821,-1.3204801587301587,-1.1810178756713867,1.3204801587301587,1.1810178756713867
2026-03-20,Baú Moto 30L,1,1.0217053571428567,1.1462467,0.021705357142856707,0.14624667167663574,0.021705357142856707,0.14624667167663574
2026-03-20,Capa de Chuva,3,2.2330892857142857,2.2612689,-0.7669107142857143,-0.7387311458587646,0.7669107142857143,0.7387311458587646
2026-03-20,Capacete LS2,0,0.11690178571428572,0.12174076,0.11690178571428572,0.12174075841903687,0.11690178571428572,0.12174075841903687
2026-03-20,Capacete Pro Tork,2,1.5956984126984122,1.3411152,-0.40430158730158783,-0.6588847637176514,0.40430158730158783,0.6588847637176514
2026-03-20,Carregador USB Moto,1,0.8559970238095242,0.5385504,-0.14400297619047575,-0.46144962310791016,0.14400297619047575,0.46144962310791016
2026-03-20,Intercomunicador,0,0.6598928571428572,0.04571458,0.6598928571428572,0.04571457952260971,0.6598928571428572,0.04571457952260971
2026-03-20,Luva Motoboy,0,2.364830357142857,2.5458508,2.364830357142857,2.5458507537841797,2.364830357142857,2.5458507537841797
2026-03-20,Retrovisor Esportivo,0,0.46276190476190465,0.13619477,0.46276190476190465,0.13619476556777954,0.46276190476190465,0.13619476556777954
2026-03-20,Suporte Celular Moto,4,2.9129404761904767,2.7125301,-1.0870595238095233,-1.2874698638916016,1.0870595238095233,1.2874698638916016
2026-03-21,Bag Delivery 45L,4,4.30522023809524,3.2686994,0.3052202380952398,-0.7313005924224854,0.3052202380952398,0.7313005924224854
2026-03-21,Bag Delivery 80L,0,0.7933869047619049,0.8950863,0.7933869047619049,0.8950862884521484,0.7933869047619049,0.8950862884521484
2026-03-21,Balaclava,0,0.6866696428571427,0.7783166,0.6866696428571427,0.7783166170120239,0.6866696428571427,0.7783166170120239
2026-03-21,Baú Moto 30L,1,1.1825634920634922,0.9076011,0.1825634920634922,-0.09239888191223145,0.1825634920634922,0.09239888191223145
2026-03-21,Capa de Chuva,1,2.0654910714285712,1.8022779,1.0654910714285712,0.8022779226303101,1.0654910714285712,0.8022779226303101
2026-03-21,Capacete LS2,0,0.17444345238095238,0.23363945,0.17444345238095238,0.2336394488811493,0.17444345238095238,0.2336394488811493
2026-03-21,Capacete Pro Tork,0,1.4493769841269841,1.4555397,1.4493769841269841,1.4555397033691406,1.4493769841269841,1.4555397033691406
2026-03-21,Carregador USB Moto,0,0.8620436507936512,0.6379002,0.8620436507936512,0.637900173664093,0.8620436507936512,0.637900173664093
2026-03-21,Intercomunicador,0,0.44369642857142844,0.09964287,0.44369642857142844,0.09964287281036377,0.44369642857142844,0.09964287281036377
2026-03-21,Luva Motoboy,2,2.2683680555555554,1.9196911,0.26836805555555543,-0.08030891418457031,0.26836805555555543,0.08030891418457031
2026-03-21,Retrovisor Esportivo,0,0.29475892857142866,0.46463144,0.29475892857142866,0.46463143825531006,0.29475892857142866,0.46463143825531006
2026-03-21,Suporte Celular Moto,0,2.61913492063492,2.7044153,2.61913492063492,2.7044153213500977,2.61913492063492,2.7044153213500977
2026-03-22,Bag Delivery 45L,1,2.4814474206349204,2.110459,1.4814474206349204,1.1104590892791748,1.4814474206349204,1.1104590892791748
2026-03-22,Bag Delivery 80L,2,1.2835178571428572,1.116572,-0.7164821428571428,-0.8834279775619507,0.7164821428571428,0.8834279775619507
2026-03-22,Balaclava,1,1.1920069444444445,0.70262897,0.19200694444444455,-0.2973710298538208,0.19200694444444455,0.2973710298538208
2026-03-22,Baú Moto 30L,1,1.1392986111111112,0.8783647,0.1392986111111112,-0.1216353178024292,0.1392986111111112,0.1216353178024292
2026-03-22,Capa de Chuva,3,1.7719732142857145,0.9639908,-1.2280267857142855,-2.036009192466736,1.2280267857142855,2.036009192466736
2026-03-22,Capacete LS2,3,0.13640178571428574,0.14666016,-2.863598214285714,-2.853339836001396,2.863598214285714,2.853339836001396
2026-03-22,Capacete Pro Tork,2,1.683318452380953,1.2248626,-0.316681547619047,-0.7751374244689941,0.316681547619047,0.7751374244689941
2026-03-22,Carregador USB Moto,1,1.150406746031746,0.6225051,0.15040674603174597,-0.3774948716163635,0.15040674603174597,0.3774948716163635
2026-03-22,Intercomunicador,1,0.2921130952380954,0.073025726,-0.7078869047619045,-0.9269742742180824,0.7078869047619045,0.9269742742180824
2026-03-22,Luva Motoboy,7,2.446993055555555,1.907989,-4.553006944444445,-5.092010974884033,4.553006944444445,5.092010974884033
2026-03-22,Retrovisor Esportivo,1,0.7687740800865802,0.5722485,-0.2312259199134198,-0.42775148153305054,0.2312259199134198,0.42775148153305054
2026-03-22,Suporte Celular Moto,3,2.8908521825396836,2.7248206,-0.10914781746031643,-0.275179386138916,0.10914781746031643,0.275179386138916
2026-03-23,Bag Delivery 45L,2,5.9092192460317445,5.174221,3.9092192460317445,3.1742210388183594,3.9092192460317445,3.1742210388183594
2026-03-23,Bag Delivery 80L,0,0.9962440476190474,0.8250524,0.9962440476190474,0.8250523805618286,0.9962440476190474,0.8250523805618286
2026-03-23,Balaclava,0,1.6469434523809532,1.0011452,1.6469434523809532,1.0011452436447144,1.6469434523809532,1.0011452436447144
2026-03-23,Baú Moto 30L,1,1.166990079365079,0.87476486,0.16699007936507893,-0.12523514032363892,0.16699007936507893,0.12523514032363892
2026-03-23,Capa de Chuva,2,1.9754315476190478,1.9269533,-0.024568452380952177,-0.07304668426513672,0.024568452380952177,0.07304668426513672
2026-03-23,Capacete LS2,0,0.32908928571428575,0.20907418,0.32908928571428575,0.20907418429851532,0.32908928571428575,0.20907418429851532
2026-03-23,Capacete Pro Tork,3,1.294672619047619,1.3757988,-1.705327380952381,-1.6242011785507202,1.705327380952381,1.6242011785507202
2026-03-23,Carregador USB Moto,0,0.5979047619047619,0.533385,0.5979047619047619,0.5333849787712097,0.5979047619047619,0.5333849787712097
2026-03-23,Intercomunicador,0,0.13897916666666668,0.06349265,0.13897916666666668,0.06349264830350876,0.13897916666666668,0.06349264830350876
2026-03-23,Luva Motoboy,0,3.5278382936507944,3.0106032,3.5278382936507944,3.010603189468384,3.5278382936507944,3.010603189468384
2026-03-23,Retrovisor Esportivo,0,0.34159523809523806,0.5259961,0.34159523809523806,0.5259960889816284,0.34159523809523806,0.5259960889816284
2026-03-23,Suporte Celular Moto,4,3.3412738095238086,2.7991295,-0.6587261904761914,-1.2008705139160156,0.6587261904761914,1.2008705139160156
2026-03-24,Bag Delivery 45L,8,5.05542361111111,5.213708,-2.9445763888888896,-2.78629207611084,2.9445763888888896,2.78629207611084
2026-03-24,Bag Delivery 80L,3,0.747372023809524,0.79749393,-2.252627976190476,-2.2025060653686523,2.252627976190476,2.2025060653686523
2026-03-24,Balaclava,0,1.839867063492063,0.9815841,1.839867063492063,0.9815840721130371,1.839867063492063,0.9815840721130371
2026-03-24,Baú Moto 30L,1,1.1167559523809525,0.92092395,0.11675595238095249,-0.07907605171203613,0.11675595238095249,0.07907605171203613
2026-03-24,Capa de Chuva,3,1.4203898809523807,1.8390229,-1.5796101190476193,-1.1609771251678467,1.5796101190476193,1.1609771251678467
2026-03-24,Capacete LS2,0,0.12404761904761903,0.18180823,0.12404761904761903,0.1818082332611084,0.12404761904761903,0.1818082332611084
2026-03-24,Capacete Pro Tork,1,1.346359126984127,1.3218526,0.3463591269841271,0.32185256481170654,0.3463591269841271,0.32185256481170654
2026-03-24,Carregador USB Moto,3,0.6590376984126984,0.61193234,-2.3409623015873016,-2.388067662715912,2.3409623015873016,2.388067662715912
2026-03-24,Intercomunicador,0,0.09002083333333333,0.062400192,0.09002083333333333,0.06240019202232361,0.09002083333333333,0.06240019202232361
2026-03-24,Luva Motoboy,0,2.426401785714286,2.100066,2.426401785714286,2.1000659465789795,2.426401785714286,2.1000659465789795
2026-03-24,Retrovisor Esportivo,0,0.42380357142857134,0.48516878,0.42380357142857134,0.48516878485679626,0.42380357142857134,0.48516878485679626
2026-03-24,Suporte Celular Moto,1,2.278685515873016,2.0545475,1.2786855158730162,1.0545475482940674,1.2786855158730162,1.0545475482940674
2026-03-25,Bag Delivery 45L,2,3.9003164682539664,3.9386134,1.9003164682539664,1.9386134147644043,1.9003164682539664,1.9386134147644043
2026-03-25,Bag Delivery 80L,0,0.9288958333333336,1.0296994,0.9288958333333336,1.029699444770813,0.9288958333333336,1.029699444770813
2026-03-25,Balaclava,1,1.5570000000000002,0.9919664,0.5570000000000002,-0.008033573627471924,0.5570000000000002,0.008033573627471924
2026-03-25,Baú Moto 30L,1,0.7933799603174602,0.9006524,-0.20662003968253984,-0.09934759140014648,0.20662003968253984,0.09934759140014648
2026-03-25,Capa de Chuva,1,1.493076388888889,2.2765138,0.49307638888888894,1.2765138149261475,0.49307638888888894,1.2765138149261475
2026-03-25,Capacete LS2,0,0.3098452380952381,0.1840734,0.3098452380952381,0.18407340347766876,0.3098452380952381,0.18407340347766876
2026-03-25,Capacete Pro Tork,2,2.0253412698412694,1.558136,0.025341269841269387,-0.441864013671875,0.025341269841269387,0.441864013671875
2026-03-25,Carregador USB Moto,0,0.5201904761904761,0.44165906,0.5201904761904761,0.4416590631008148,0.5201904761904761,0.4416590631008148
2026-03-25,Intercomunicador,0,0.10918749999999999,0.08999598,0.10918749999999999,0.08999598026275635,0.10918749999999999,0.08999598026275635
2026-03-25,Luva Motoboy,4,2.426538690476191,2.2877088,-1.5734613095238088,-1.7122912406921387,1.5734613095238088,1.7122912406921387
2026-03-25,Retrovisor Esportivo,0,0.5172896825396827,0.51447964,0.5172896825396827,0.5144796371459961,0.5172896825396827,0.5144796371459961
2026-03-25,Suporte Celular Moto,4,2.9028958333333335,2.4044726,-1.0971041666666665,-1.5955274105072021,1.0971041666666665,1.5955274105072021
2026-03-26,Bag Delivery 45L,3,3.6647053571428554,3.534778,0.6647053571428554,0.5347781181335449,0.6647053571428554,0.5347781181335449
2026-03-26,Bag Delivery 80L,1,0.8521250000000002,1.1328386,-0.14787499999999976,0.13283860683441162,0.14787499999999976,0.13283860683441162
2026-03-26,Balaclava,0,1.1137232142857147,0.8422097,1.1137232142857147,0.8422096967697144,1.1137232142857147,0.8422096967697144
2026-03-26,Baú Moto 30L,1,0.5320317460317461,0.9045323,-0.4679682539682539,-0.09546768665313721,0.4679682539682539,0.09546768665313721
2026-03-26,Capa de Chuva,1,2.2568442460317466,2.2782183,1.2568442460317466,1.2782182693481445,1.2568442460317466,1.2782182693481445
2026-03-26,Capacete LS2,0,0.1680267857142857,0.18472028,0.1680267857142857,0.18472027778625488,0.1680267857142857,0.18472027778625488
2026-03-26,Capacete Pro Tork,0,1.6401875,1.5617902,1.6401875,1.5617902278900146,1.6401875,1.5617902278900146
2026-03-26,Carregador USB Moto,0,0.6525357142857143,0.58600485,0.6525357142857143,0.5860048532485962,0.6525357142857143,0.5860048532485962
2026-03-26,Intercomunicador,0,0.14011011904761905,0.09064282,0.14011011904761905,0.09064281731843948,0.14011011904761905,0.09064281731843948
2026-03-26,Luva Motoboy,2,2.5114285714285716,2.543081,0.5114285714285716,0.5430810451507568,0.5114285714285716,0.5430810451507568
2026-03-26,Retrovisor Esportivo,3,0.8707321428571426,0.6618481,-2.1292678571428576,-2.3381518721580505,2.1292678571428576,2.3381518721580505
2026-03-26,Suporte Celular Moto,2,3.050335317460318,3.1165092,1.050335317460318,1.116509199142456,1.050335317460318,1.116509199142456
2026-03-27,Bag Delivery 45L,6,2.761319444444444,2.3064456,-3.238680555555556,-3.693554401397705,3.238680555555556,3.693554401397705
2026-03-27,Bag Delivery 80L,1,1.3029374999999999,1.4424777,0.30293749999999986,0.4424777030944824,0.30293749999999986,0.4424777030944824
2026-03-27,Balaclava,0,1.2180416666666667,0.8360259,1.2180416666666667,0.8360258936882019,1.2180416666666667,0.8360258936882019
2026-03-27,Baú Moto 30L,0,1.2901904761904759,1.1982459,1.2901904761904759,1.198245882987976,1.2901904761904759,1.198245882987976
2026-03-27,Capa de Chuva,0,2.3108452380952387,2.1492279,2.3108452380952387,2.1492278575897217,2.3108452380952387,2.1492278575897217
2026-03-27,Capacete LS2,0,0.16356845238095233,0.16680026,0.16356845238095233,0.16680026054382324,0.16356845238095233,0.16680026054382324
2026-03-27,Capacete Pro Tork,4,1.7666865079365084,1.6058395,-2.2333134920634916,-2.394160509109497,2.2333134920634916,2.394160509109497
2026-03-27,Carregador USB Moto,4,0.6218720238095238,0.5874194,-3.378127976190476,-3.4125806093215942,3.378127976190476,3.4125806093215942
2026-03-27,Intercomunicador,0,0.15027083333333335,0.07272276,0.15027083333333335,0.07272276282310486,0.15027083333333335,0.07272276282310486
2026-03-27,Luva Motoboy,3,2.4111656746031755,2.635139,-0.5888343253968245,-0.36486101150512695,0.5888343253968245,0.36486101150512695
2026-03-27,Retrovisor Esportivo,0,0.6547113095238095,0.4025257,0.6547113095238095,0.4025256931781769,0.6547113095238095,0.4025256931781769
2026-03-27,Suporte Celular Moto,3,3.2747281746031764,2.9954088,0.27472817460317644,-0.004591226577758789,0.27472817460317644,0.004591226577758789
2026-03-28,Bag Delivery 45L,0,3.1244355158730155,2.5868921,3.1244355158730155,2.5868921279907227,3.1244355158730155,2.5868921279907227
2026-03-28,Bag Delivery 80L,0,1.0040694444444447,1.2003124,1.0040694444444447,1.2003123760223389,1.0040694444444447,1.2003123760223389
2026-03-28,Balaclava,0,1.1164285714285713,0.905745,1.1164285714285713,0.9057450294494629,1.1164285714285713,0.9057450294494629
2026-03-28,Baú Moto 30L,0,1.4012291666666663,1.1384833,1.4012291666666663,1.1384832859039307,1.4012291666666663,1.1384832859039307
2026-03-28,Capa de Chuva,1,3.2407569444444437,2.9174652,2.2407569444444437,1.9174652099609375,2.2407569444444437,1.9174652099609375
2026-03-28,Capacete LS2,0,0.13573511904761904,0.21596733,0.13573511904761904,0.2159673273563385,0.13573511904761904,0.2159673273563385
2026-03-28,Capacete Pro Tork,2,2.1142827380952394,1.9234368,0.11428273809523937,-0.07656323909759521,0.11428273809523937,0.07656323909759521
2026-03-28,Carregador USB Moto,4,0.6873789682539682,0.30820057,-3.3126210317460316,-3.691799432039261,3.3126210317460316,3.691799432039261
2026-03-28,Intercomunicador,0,0.08560416666666665,0.12188984,0.08560416666666665,0.12188983708620071,0.08560416666666665,0.12188983708620071
2026-03-28,Luva Motoboy,1,2.6244821428571443,2.743754,1.6244821428571443,1.7437539100646973,1.6244821428571443,1.7437539100646973
2026-03-28,Retrovisor Esportivo,3,0.8721160714285715,0.59425366,-2.1278839285714284,-2.405746340751648,2.1278839285714284,2.405746340751648
2026-03-28,Suporte Celular Moto,0,3.548648809523812,3.3219953,3.548648809523812,3.321995258331299,3.548648809523812,3.321995258331299
2026-03-29,Bag Delivery 45L,6,3.2392003968253973,3.3206027,-2.7607996031746027,-2.6793973445892334,2.7607996031746027,2.6793973445892334
2026-03-29,Bag Delivery 80L,0,1.2777857142857139,1.3201185,1.2777857142857139,1.3201185464859009,1.2777857142857139,1.3201185464859009
2026-03-29,Balaclava,3,1.3318333333333334,1.087913,-1.6681666666666666,-1.9120869636535645,1.6681666666666666,1.9120869636535645
2026-03-29,Baú Moto 30L,1,1.773369047619048,1.3867797,0.773369047619048,0.38677966594696045,0.773369047619048,0.38677966594696045
2026-03-29,Capa de Chuva,3,2.9706845238095227,2.759335,-0.029315476190477252,-0.24066495895385742,0.029315476190477252,0.24066495895385742
2026-03-29,Capacete LS2,0,0.23681845238095234,0.36233518,0.23681845238095234,0.3623351752758026,0.23681845238095234,0.3623351752758026
2026-03-29,Capacete Pro Tork,1,1.9200267857142848,1.6545672,0.9200267857142848,0.6545672416687012,0.9200267857142848,0.6545672416687012
2026-03-29,Carregador USB Moto,0,1.066491071428572,0.58994704,1.066491071428572,0.5899470448493958,1.066491071428572,0.5899470448493958
2026-03-29,Intercomunicador,1,0.07791369047619047,0.18942712,-0.9220863095238095,-0.8105728775262833,0.9220863095238095,0.8105728775262833
2026-03-29,Luva Motoboy,0,3.2586081349206366,2.5736296,3.2586081349206366,2.57362961769104,3.2586081349206366,2.57362961769104
2026-03-29,Retrovisor Esportivo,0,0.3283720238095238,0.3600277,0.3283720238095238,0.3600277006626129,0.3283720238095238,0.3600277006626129
2026-03-29,Suporte Celular Moto,2,4.028657738095237,3.903354,2.0286577380952373,1.9033539295196533,2.0286577380952373,1.9033539295196533
2026-03-30,Bag Delivery 45L,7,3.9054672619047612,3.5817766,-3.0945327380952388,-3.4182233810424805,3.0945327380952388,3.4182233810424805
2026-03-30,Bag Delivery 80L,0,1.548654761904762,1.3338315,1.548654761904762,1.333831548690796,1.548654761904762,1.333831548690796
2026-03-30,Balaclava,1,1.0745892857142856,1.110728,0.07458928571428558,0.11072802543640137,0.07458928571428558,0.11072802543640137
2026-03-30,Baú Moto 30L,0,2.136505952380952,1.2208483,2.136505952380952,1.2208483219146729,2.136505952380952,1.2208483219146729
2026-03-30,Capa de Chuva,1,3.119112103174602,3.1752157,2.119112103174602,2.175215721130371,2.119112103174602,2.175215721130371
2026-03-30,Capacete LS2,0,0.34916071428571427,0.32806623,0.34916071428571427,0.32806622982025146,0.34916071428571427,0.32806622982025146
2026-03-30,Capacete Pro Tork,5,1.8127797619047612,1.8524054,-3.1872202380952386,-3.1475945711135864,3.1872202380952386,3.1475945711135864
2026-03-30,Carregador USB Moto,5,1.11277380952381,0.9760378,-3.88722619047619,-4.023962199687958,3.88722619047619,4.023962199687958
2026-03-30,Intercomunicador,0,0.28671130952380947,0.5813729,0.28671130952380947,0.5813729166984558,0.28671130952380947,0.5813729166984558
2026-03-30,Luva Motoboy,0,3.0692817460317467,2.7579055,3.0692817460317467,2.7579054832458496,3.0692817460317467,2.7579054832458496
2026-03-30,Retrovisor Esportivo,1,0.49767261904761917,0.6982261,-0.5023273809523808,-0.30177390575408936,0.5023273809523808,0.30177390575408936
2026-03-30,Suporte Celular Moto,5,3.086645833333333,3.1965265,-1.9133541666666671,-1.8034734725952148,1.9133541666666671,1.8034734725952148
2026-03-31,Bag Delivery 45L,5,3.5496378968253945,2.9852452,-1.4503621031746055,-2.0147547721862793,1.4503621031746055,2.0147547721862793
2026-03-31,Bag Delivery 80L,0,2.4838154761904763,1.6768239,2.4838154761904763,1.6768238544464111,2.4838154761904763,1.6768238544464111
2026-03-31,Balaclava,2,0.9897023809523811,1.3939893,-1.010297619047619,-0.6060106754302979,1.010297619047619,0.6060106754302979
2026-03-31,Baú Moto 30L,0,3.0845446428571415,1.5476704,3.0845446428571415,1.5476703643798828,3.0845446428571415,1.5476703643798828
2026-03-31,Capa de Chuva,0,3.686180555555554,3.6172762,3.686180555555554,3.617276191711426,3.686180555555554,3.617276191711426
2026-03-31,Capacete LS2,0,0.5786398809523813,0.58673245,0.5786398809523813,0.5867324471473694,0.5786398809523813,0.5867324471473694
2026-03-31,Capacete Pro Tork,2,2.219619047619048,2.1763444,0.21961904761904805,0.1763443946838379,0.21961904761904805,0.1763443946838379
2026-03-31,Carregador USB Moto,0,1.322220238095238,0.9377304,1.322220238095238,0.9377303719520569,1.322220238095238,0.9377303719520569
2026-03-31,Intercomunicador,0,0.3448809523809524,0.8118696,0.3448809523809524,0.8118696212768555,0.3448809523809524,0.8118696212768555
2026-03-31,Luva Motoboy,2,3.350604166666666,2.9701724,1.350604166666666,0.9701724052429199,1.350604166666666,0.9701724052429199
2026-03-31,Retrovisor Esportivo,0,0.8219285714285713,1.0903435,0.8219285714285713,1.0903434753417969,0.8219285714285713,1.0903434753417969
2026-03-31,Suporte Celular Moto,2,3.826155753968257,4.490354,1.8261557539682571,2.490354061126709,1.8261557539682571,2.490354061126709
2026-04-01,Bag Delivery 45L,11,4.007002976190475,3.6180992,-6.992997023809525,-7.381900787353516,6.992997023809525,7.381900787353516
2026-04-01,Bag Delivery 80L,5,0.9772956349206354,0.81179583,-4.022704365079365,-4.1882041692733765,4.022704365079365,4.1882041692733765
2026-04-01,Balaclava,5,0.7965634920634922,0.64156705,-4.203436507936508,-4.358432948589325,4.203436507936508,4.358432948589325
2026-04-01,Baú Moto 30L,2,1.1111696428571431,0.7279644,-0.8888303571428569,-1.2720355987548828,0.8888303571428569,1.2720355987548828
2026-04-01,Capa de Chuva,1,3.2269017857142863,2.8357906,2.2269017857142863,1.8357906341552734,2.2269017857142863,1.8357906341552734
2026-04-01,Capacete LS2,0,0.3458333333333334,0.07929442,0.3458333333333334,0.07929442077875137,0.3458333333333334,0.07929442077875137
2026-04-01,Capacete Pro Tork,5,2.149157738095238,1.7751478,-2.850842261904762,-3.224852204322815,2.850842261904762,3.224852204322815
2026-04-01,Carregador USB Moto,2,1.0727083333333336,0.41617605,-0.9272916666666664,-1.583823949098587,0.9272916666666664,1.583823949098587
2026-04-01,Intercomunicador,0,0.22939583333333327,0.30982688,0.22939583333333327,0.30982688069343567,0.22939583333333327,0.30982688069343567
2026-04-01,Luva Motoboy,5,2.1881561355311367,1.9157256,-2.8118438644688633,-3.084274411201477,2.8118438644688633,3.084274411201477
2026-04-01,Retrovisor Esportivo,1,0.7100922619047618,0.5933007,-0.2899077380952382,-0.4066992998123169,0.2899077380952382,0.4066992998123169
2026-04-01,Suporte Celular Moto,10,2.6268571428571437,2.221846,-7.373142857142856,-7.778153896331787,7.373142857142856,7.778153896331787
2026-04-02,Bag Delivery 45L,4,4.823585317460318,5.654283,0.823585317460318,1.654283046722412,0.823585317460318,1.654283046722412
2026-04-02,Bag Delivery 80L,0,1.2826974206349206,1.2149304,1.2826974206349206,1.2149304151535034,1.2826974206349206,1.2149304151535034
2026-04-02,Balaclava,1,1.0807916666666666,0.8785911,0.0807916666666666,-0.12140887975692749,0.0807916666666666,0.12140887975692749
2026-04-02,Baú Moto 30L,4,0.7409345238095244,0.835531,-3.2590654761904756,-3.164469003677368,3.2590654761904756,3.164469003677368
2026-04-02,Capa de Chuva,3,3.0610773809523795,3.2819653,0.06107738095237947,0.2819652557373047,0.06107738095237947,0.2819652557373047
2026-04-02,Capacete LS2,0,0.38382936507936527,0.124578804,0.38382936507936527,0.1245788037776947,0.38382936507936527,0.1245788037776947
2026-04-02,Capacete Pro Tork,1,1.9945684523809515,1.5213431,0.9945684523809515,0.5213431119918823,0.9945684523809515,0.5213431119918823
2026-04-02,Carregador USB Moto,0,1.2243839285714282,0.9333629,1.2243839285714282,0.9333629012107849,1.2243839285714282,0.9333629012107849
2026-04-02,Intercomunicador,0,0.1375327380952381,0.35511118,0.1375327380952381,0.35511118173599243,0.1375327380952381,0.35511118173599243
2026-04-02,Luva Motoboy,0,1.8808392857142857,1.997261,1.8808392857142857,1.9972610473632812,1.8808392857142857,1.9972610473632812
2026-04-02,Retrovisor Esportivo,0,0.6585,0.58933485,0.6585,0.5893348455429077,0.6585,0.5893348455429077
2026-04-02,Suporte Celular Moto,0,3.7063855519480517,3.3361723,3.7063855519480517,3.336172342300415,3.7063855519480517,3.336172342300415
2026-04-03,Bag Delivery 45L,2,3.6931259920634942,3.6453266,1.6931259920634942,1.6453266143798828,1.6931259920634942,1.6453266143798828
2026-04-03,Bag Delivery 80L,1,1.162402958152958,0.9871408,0.16240295815295802,-0.012859225273132324,0.16240295815295802,0.012859225273132324
2026-04-03,Balaclava,0,1.2072321428571433,0.8825598,1.2072321428571433,0.8825597763061523,1.2072321428571433,0.8825597763061523
2026-04-03,Baú Moto 30L,1,0.8887013888888895,0.7487123,-0.1112986111111105,-0.25128769874572754,0.1112986111111105,0.25128769874572754
2026-04-03,Capa de Chuva,0,2.9070446428571444,2.54989,2.9070446428571444,2.5498900413513184,2.9070446428571444,2.5498900413513184
2026-04-03,Capacete LS2,0,0.46256349206349223,0.0963185,0.46256349206349223,0.09631849825382233,0.46256349206349223,0.09631849825382233
2026-04-03,Capacete Pro Tork,2,1.571690476190476,0.93247545,-0.42830952380952403,-1.0675245523452759,0.42830952380952403,1.0675245523452759
2026-04-03,Carregador USB Moto,0,0.7844940476190477,0.6972014,0.7844940476190477,0.6972013711929321,0.7844940476190477,0.6972013711929321
2026-04-03,Intercomunicador,0,0.15189583333333334,0.32685086,0.15189583333333334,0.32685086131095886,0.15189583333333334,0.32685086131095886
2026-04-03,Luva Motoboy,0,2.965959145021645,2.532264,2.965959145021645,2.532263994216919,2.965959145021645,2.532263994216919
2026-04-03,Retrovisor Esportivo,0,0.49273214285714295,0.5037476,0.49273214285714295,0.5037475824356079,0.49273214285714295,0.5037475824356079
2026-04-03,Suporte Celular Moto,1,3.3066845238095226,3.6484911,2.3066845238095226,2.648491144180298,2.3066845238095226,2.648491144180298
2026-04-04,Bag Delivery 45L,1,5.447404761904762,5.5046926,4.447404761904762,4.504692554473877,4.447404761904762,4.504692554473877
2026-04-04,Bag Delivery 80L,2,1.0932142857142855,1.1506962,-0.9067857142857145,-0.8493038415908813,0.9067857142857145,0.8493038415908813
2026-04-04,Balaclava,1,1.4557251984126989,1.1647562,0.4557251984126989,0.164756178855896,0.4557251984126989,0.164756178855896
2026-04-04,Baú Moto 30L,3,1.100547619047619,0.94618726,-1.899452380952381,-2.0538127422332764,1.899452380952381,2.0538127422332764
2026-04-04,Capa de Chuva,1,3.1617152777777786,2.6160688,2.1617152777777786,1.6160688400268555,2.1617152777777786,1.6160688400268555
2026-04-04,Capacete LS2,2,0.373109126984127,0.19456469,-1.6268908730158729,-1.8054353147745132,1.6268908730158729,1.8054353147745132
2026-04-04,Capacete Pro Tork,4,1.5050585317460317,1.4039059,-2.4949414682539683,-2.5960941314697266,2.4949414682539683,2.5960941314697266
2026-04-04,Carregador USB Moto,0,0.7239583333333336,0.80276936,0.7239583333333336,0.8027693629264832,0.7239583333333336,0.8027693629264832
2026-04-04,Intercomunicador,0,0.2093125,0.42509696,0.2093125,0.42509695887565613,0.2093125,0.42509695887565613
2026-04-04,Luva Motoboy,1,4.038090277777778,3.1267855,3.038090277777778,2.1267855167388916,3.038090277777778,2.1267855167388916
2026-04-04,Retrovisor Esportivo,1,0.674041666666667,0.6294437,-0.325958333333333,-0.3705562949180603,0.325958333333333,0.3705562949180603
2026-04-04,Suporte Celular Moto,2,2.500443452380953,3.125167,0.5004434523809529,1.125166893005371,0.5004434523809529,1.125166893005371
2026-04-05,Bag Delivery 45L,9,4.211662698412698,4.1103263,-4.788337301587302,-4.889673709869385,4.788337301587302,4.889673709869385
2026-04-05,Bag Delivery 80L,0,1.26740873015873,1.1087476,1.26740873015873,1.1087476015090942,1.26740873015873,1.1087476015090942
2026-04-05,Balaclava,0,1.6634797077922077,1.0659814,1.6634797077922077,1.065981388092041,1.6634797077922077,1.065981388092041
2026-04-05,Baú Moto 30L,1,1.449916666666666,1.0390648,0.4499166666666661,0.039064764976501465,0.4499166666666661,0.039064764976501465
2026-04-05,Capa de Chuva,3,2.857039682539681,2.3565617,-0.1429603174603189,-0.6434383392333984,0.1429603174603189,0.6434383392333984
2026-04-05,Capacete LS2,0,0.31955555555555554,0.16131137,0.31955555555555554,0.16131137311458588,0.31955555555555554,0.16131137311458588
2026-04-05,Capacete Pro Tork,2,1.6949494047619056,1.3559915,-0.3050505952380944,-0.6440085172653198,0.3050505952380944,0.6440085172653198
2026-04-05,Carregador USB Moto,0,0.5788392857142859,0.68512803,0.5788392857142859,0.6851280331611633,0.5788392857142859,0.6851280331611633
2026-04-05,Intercomunicador,0,0.24995833333333334,0.4614823,0.24995833333333334,0.46148228645324707,0.24995833333333334,0.46148228645324707
2026-04-05,Luva Motoboy,0,2.9363849206349197,4.3867173,2.9363849206349197,4.386717319488525,2.9363849206349197,4.386717319488525
2026-04-05,Retrovisor Esportivo,4,0.470797619047619,0.5145071,-3.529202380952381,-3.4854928851127625,3.529202380952381,3.4854928851127625
2026-04-05,Suporte Celular Moto,3,2.868018849206348,3.6907501,-0.1319811507936519,0.6907501220703125,0.1319811507936519,0.6907501220703125
2026-04-06,Bag Delivery 45L,2,3.249625000000001,4.9481025,1.2496250000000009,2.9481024742126465,1.2496250000000009,2.9481024742126465
2026-04-06,Bag Delivery 80L,3,1.1459880952380954,1.0933311,-1.8540119047619046,-1.9066689014434814,1.8540119047619046,1.9066689014434814
2026-04-06,Balaclava,1,1.1455650252525253,1.0015789,0.14556502525252535,0.0015789270401000977,0.14556502525252535,0.0015789270401000977
2026-04-06,Baú Moto 30L,1,1.1859821428571427,0.96936053,0.18598214285714265,-0.030639469623565674,0.18598214285714265,0.030639469623565674
2026-04-06,Capa de Chuva,5,2.739397817460316,2.279499,-2.260602182539684,-2.720500946044922,2.260602182539684,2.720500946044922
2026-04-06,Capacete LS2,0,0.7532380952380955,0.22540794,0.7532380952380955,0.2254079431295395,0.7532380952380955,0.2254079431295395
2026-04-06,Capacete Pro Tork,3,2.191675595238095,2.3446648,-0.8083244047619051,-0.6553351879119873,0.8083244047619051,0.6553351879119873
2026-04-06,Carregador USB Moto,0,1.127443452380952,1.0647402,1.127443452380952,1.0647401809692383,1.127443452380952,1.0647401809692383
2026-04-06,Intercomunicador,0,0.31799107142857147,0.37750396,0.31799107142857147,0.3775039613246918,0.31799107142857147,0.3775039613246918
2026-04-06,Luva Motoboy,4,1.849428571428571,2.862994,-2.1505714285714292,-1.1370060443878174,2.1505714285714292,1.1370060443878174
2026-04-06,Retrovisor Esportivo,0,0.4558363095238095,0.3540146,0.4558363095238095,0.3540146052837372,0.4558363095238095,0.3540146052837372
2026-04-06,Suporte Celular Moto,2,3.834385101010101,3.4314232,1.8343851010101009,1.4314231872558594,1.8343851010101009,1.4314231872558594
2026-04-07,Bag Delivery 45L,2,3.5535357142857174,3.6039555,1.5535357142857174,1.6039555072784424,1.5535357142857174,1.6039555072784424
2026-04-07,Bag Delivery 80L,4,1.7407202380952382,1.1737115,-2.2592797619047618,-2.8262884616851807,2.2592797619047618,2.8262884616851807
2026-04-07,Balaclava,1,0.8064236111111113,0.80810696,-0.19357638888888873,-0.19189304113388062,0.19357638888888873,0.19189304113388062
2026-04-07,Baú Moto 30L,0,1.287002976190476,1.0796858,1.287002976190476,1.0796858072280884,1.287002976190476,1.0796858072280884
2026-04-07,Capa de Chuva,1,2.7527142857142866,2.5015328,1.7527142857142866,1.501532793045044,1.7527142857142866,1.501532793045044
2026-04-07,Capacete LS2,0,0.7280297619047624,0.21210457,0.7280297619047624,0.21210457384586334,0.7280297619047624,0.21210457384586334
2026-04-07,Capacete Pro Tork,0,1.347648809523809,1.6262435,1.347648809523809,1.6262434720993042,1.347648809523809,1.6262434720993042
2026-04-07,Carregador USB Moto,0,0.7335456349206347,0.612341,0.7335456349206347,0.6123409867286682,0.7335456349206347,0.6123409867286682
2026-04-07,Intercomunicador,0,0.3084910714285714,0.36420062,0.3084910714285714,0.364200621843338,0.3084910714285714,0.364200621843338
2026-04-07,Luva Motoboy,2,2.8584742063492063,2.1658788,0.8584742063492063,0.1658787727355957,0.8584742063492063,0.1658787727355957
2026-04-07,Retrovisor Esportivo,4,0.6307232142857141,0.5819422,-3.369276785714286,-3.4180577993392944,3.369276785714286,3.4180577993392944
2026-04-07,Suporte Celular Moto,5,3.6521150793650787,3.5043309,-1.3478849206349213,-1.4956691265106201,1.3478849206349213,1.4956691265106201
2026-04-08,Bag Delivery 45L,3,3.421267857142858,3.8384092,0.42126785714285786,0.8384091854095459,0.42126785714285786,0.8384091854095459
2026-04-08,Bag Delivery 80L,3,1.1773194444444441,1.306,-1.8226805555555559,-1.694000005722046,1.8226805555555559,1.694000005722046
2026-04-08,Balaclava,0,1.456609217171718,1.3168157,1.456609217171718,1.316815733909607,1.456609217171718,1.316815733909607
2026-04-08,Baú Moto 30L,0,1.3416309523809524,1.1399046,1.3416309523809524,1.1399046182632446,1.3416309523809524,1.1399046182632446
2026-04-08,Capa de Chuva,6,2.6859454365079354,2.5585496,-3.3140545634920646,-3.441450357437134,3.3140545634920646,3.441450357437134
2026-04-08,Capacete LS2,0,0.6836607142857147,0.26358953,0.6836607142857147,0.2635895311832428,0.6836607142857147,0.2635895311832428
2026-04-08,Capacete Pro Tork,0,1.365,1.5476825,1.365,1.547682523727417,1.365,1.547682523727417
2026-04-08,Carregador USB Moto,1,0.8148303571428573,0.6696034,-0.18516964285714266,-0.3303965926170349,0.18516964285714266,0.3303965926170349
2026-04-08,Intercomunicador,0,0.2948660714285714,0.41568562,0.2948660714285714,0.41568562388420105,0.2948660714285714,0.41568562388420105
2026-04-08,Luva Motoboy,3,2.324097222222222,2.765482,-0.675902777777778,-0.23451805114746094,0.675902777777778,0.23451805114746094
2026-04-08,Retrovisor Esportivo,0,0.5347380952380955,0.40169346,0.5347380952380955,0.4016934633255005,0.5347380952380955,0.4016934633255005
2026-04-08,Suporte Celular Moto,5,3.05979761904762,2.1584344,-1.94020238095238,-2.8415656089782715,1.94020238095238,2.8415656089782715
2026-04-09,Bag Delivery 45L,11,3.4573482142857146,3.982268,-7.542651785714286,-7.0177319049835205,7.542651785714286,7.0177319049835205
2026-04-09,Bag Delivery 80L,3,1.0400119047619047,1.2527536,-1.9599880952380953,-1.7472463846206665,1.9599880952380953,1.7472463846206665
2026-04-09,Balaclava,2,1.4424812409812406,0.9179704,-0.5575187590187594,-1.0820295810699463,0.5575187590187594,1.0820295810699463
2026-04-09,Baú Moto 30L,0,1.5196240079365089,1.2184348,1.5196240079365089,1.2184348106384277,1.5196240079365089,1.2184348106384277
2026-04-09,Capa de Chuva,5,3.0178952228327227,2.3566232,-1.9821047771672773,-2.6433768272399902,1.9821047771672773,2.6433768272399902
2026-04-09,Capacete LS2,0,0.6467857142857144,0.2641782,0.6467857142857144,0.26417818665504456,0.6467857142857144,0.26417818665504456
2026-04-09,Capacete Pro Tork,1,1.4910297619047617,1.521044,0.49102976190476166,0.5210440158843994,0.49102976190476166,0.5210440158843994
2026-04-09,Carregador USB Moto,3,0.5052073412698413,0.6360369,-2.4947926587301588,-2.3639631271362305,2.4947926587301588,2.3639631271362305
2026-04-09,Intercomunicador,0,0.2848452380952381,0.42848313,0.2848452380952381,0.42848312854766846,0.2848452380952381,0.42848312854766846
2026-04-09,Luva Motoboy,3,2.6894345238095236,2.4031184,-0.31056547619047636,-0.596881628036499,0.31056547619047636,0.596881628036499
2026-04-09,Retrovisor Esportivo,0,0.5590982142857144,0.70208335,0.5590982142857144,0.7020833492279053,0.5590982142857144,0.7020833492279053
2026-04-09,Suporte Celular Moto,5,2.4916845238095253,2.962928,-2.5083154761904747,-2.037071943283081,2.5083154761904747,2.037071943283081
2026-04-10,Bag Delivery 45L,5,2.9474781746031753,2.8317974,-2.0525218253968247,-2.1682026386260986,2.0525218253968247,2.1682026386260986
2026-04-10,Bag Delivery 80L,1,1.646613095238095,1.4433489,0.6466130952380951,0.44334888458251953,0.6466130952380951,0.44334888458251953
2026-04-10,Balaclava,4,0.5489255952380951,0.6824566,-3.451074404761905,-3.317543387413025,3.451074404761905,3.317543387413025
2026-04-10,Baú Moto 30L,3,1.1549851190476188,1.0138263,-1.8450148809523812,-1.9861737489700317,1.8450148809523812,1.9861737489700317
2026-04-10,Capa de Chuva,0,2.8474533730158744,2.5641515,2.8474533730158744,2.5641515254974365,2.8474533730158744,2.5641515254974365
2026-04-10,Capacete LS2,0,0.5983035714285715,0.23046537,0.5983035714285715,0.230465367436409,0.5983035714285715,0.230465367436409
2026-04-10,Capacete Pro Tork,2,1.3084940476190474,1.4396397,-0.6915059523809526,-0.560360312461853,0.6915059523809526,0.560360312461853
2026-04-10,Carregador USB Moto,2,0.42297023809523826,0.343503,-1.5770297619047617,-1.6564970016479492,1.5770297619047617,1.6564970016479492
2026-04-10,Intercomunicador,0,0.24934523809523806,0.40870354,0.24934523809523806,0.4087035357952118,0.24934523809523806,0.4087035357952118
2026-04-10,Luva Motoboy,2,2.789248015873016,2.2130914,0.789248015873016,0.21309137344360352,0.789248015873016,0.21309137344360352
2026-04-10,Retrovisor Esportivo,1,0.5630684523809525,0.6380527,-0.4369315476190475,-0.36194729804992676,0.4369315476190475,0.36194729804992676
2026-04-10,Suporte Celular Moto,9,2.5026934523809516,3.4066298,-6.497306547619049,-5.593370199203491,6.497306547619049,5.593370199203491
2026-04-11,Bag Delivery 45L,10,3.6831204906204893,4.01081,-6.316879509379511,-5.989190101623535,6.316879509379511,5.989190101623535
2026-04-11,Bag Delivery 80L,5,1.9308482142857144,1.3994807,-3.0691517857142854,-3.600519299507141,3.0691517857142854,3.600519299507141
2026-04-11,Balaclava,4,0.6299166666666668,0.6555973,-3.370083333333333,-3.3444026708602905,3.370083333333333,3.3444026708602905
2026-04-11,Baú Moto 30L,2,0.8108690476190479,0.8907164,-1.1891309523809521,-1.1092836260795593,1.1891309523809521,1.1092836260795593
2026-04-11,Capa de Chuva,4,2.9039345238095233,3.0411797,-1.0960654761904767,-0.9588203430175781,1.0960654761904767,0.9588203430175781
2026-04-11,Capacete LS2,1,0.6234325396825399,0.287458,-0.37656746031746013,-0.7125419974327087,0.37656746031746013,0.7125419974327087
2026-04-11,Capacete Pro Tork,2,1.573115079365079,1.801335,-0.426884920634921,-0.19866502285003662,0.426884920634921,0.19866502285003662
2026-04-11,Carregador USB Moto,0,0.7184940476190473,0.6522967,0.7184940476190473,0.6522967219352722,0.7184940476190473,0.6522967219352722
2026-04-11,Intercomunicador,1,0.28726190476190483,0.46209803,-0.7127380952380952,-0.5379019677639008,0.7127380952380952,0.5379019677639008
2026-04-11,Luva Motoboy,2,3.3225,3.225083,1.3224999999999998,1.2250831127166748,1.3224999999999998,1.2250831127166748
2026-04-11,Retrovisor Esportivo,0,0.4520773809523809,0.62883747,0.4520773809523809,0.6288374662399292,0.4520773809523809,0.6288374662399292
2026-04-11,Suporte Celular Moto,9,3.1467619047619046,2.7111106,-5.853238095238096,-6.288889408111572,5.853238095238096,6.288889408111572
2026-04-12,Bag Delivery 45L,7,2.74623024891775,2.2804577,-4.25376975108225,-4.7195422649383545,4.25376975108225,4.7195422649383545
2026-04-12,Bag Delivery 80L,0,1.339531746031746,1.0971034,1.339531746031746,1.0971033573150635,1.339531746031746,1.0971033573150635
2026-04-12,Balaclava,1,0.8883452380952377,0.5893223,-0.11165476190476231,-0.4106776714324951,0.11165476190476231,0.4106776714324951
2026-04-12,Baú Moto 30L,2,0.9379255952380955,1.0826473,-1.0620744047619044,-0.9173526763916016,1.0620744047619044,0.9173526763916016
2026-04-12,Capa de Chuva,4,2.782744047619047,1.8533633,-1.217255952380953,-2.146636724472046,1.217255952380953,2.146636724472046
2026-04-12,Capacete LS2,0,0.3879424603174605,0.22948173,0.3879424603174605,0.22948172688484192,0.3879424603174605,0.22948172688484192
2026-04-12,Capacete Pro Tork,2,1.1984384920634925,1.5810342,-0.8015615079365075,-0.41896581649780273,0.8015615079365075,0.41896581649780273
2026-04-12,Carregador USB Moto,0,0.6862113095238094,0.7239701,0.6862113095238094,0.7239701151847839,0.6862113095238094,0.7239701151847839
2026-04-12,Intercomunicador,0,0.024958333333333336,0.17742738,0.024958333333333336,0.17742738127708435,0.024958333333333336,0.17742738127708435
2026-04-12,Luva Motoboy,0,2.6480753968253965,2.6114345,2.6480753968253965,2.6114344596862793,2.6480753968253965,2.6114344596862793
2026-04-12,Retrovisor Esportivo,1,0.6748273809523809,0.7483798,-0.32517261904761907,-0.25162017345428467,0.32517261904761907,0.25162017345428467
2026-04-12,Suporte Celular Moto,1,3.563347222222224,4.8511043,2.563347222222224,3.851104259490967,2.563347222222224,3.851104259490967
2026-04-13,Bag Delivery 45L,5,3.585730158730159,2.4538176,-1.414269841269841,-2.54618239402771,1.414269841269841,2.54618239402771
2026-04-13,Bag Delivery 80L,6,1.1858988095238092,1.1378682,-4.81410119047619,-4.862131834030151,4.81410119047619,4.862131834030151
2026-04-13,Balaclava,1,1.1714886363636363,0.9360605,0.17148863636363632,-0.06393951177597046,0.17148863636363632,0.06393951177597046
2026-04-13,Baú Moto 30L,5,0.8818154761904764,1.0783985,-4.118184523809523,-3.9216015338897705,4.118184523809523,3.9216015338897705
2026-04-13,Capa de Chuva,6,2.656633928571428,2.0890317,-3.343366071428572,-3.91096830368042,3.343366071428572,3.91096830368042
2026-04-13,Capacete LS2,1,0.1613174603174603,0.19256496,-0.8386825396825397,-0.8074350357055664,0.8386825396825397,0.8074350357055664
2026-04-13,Capacete Pro Tork,0,1.662422619047618,1.3805498,1.662422619047618,1.3805497884750366,1.662422619047618,1.3805497884750366
2026-04-13,Carregador USB Moto,0,0.6495446428571428,0.57415754,0.6495446428571428,0.5741575360298157,0.6495446428571428,0.5741575360298157
2026-04-13,Intercomunicador,0,0.006458333333333332,0.088113695,0.006458333333333332,0.0881136953830719,0.006458333333333332,0.0881136953830719
2026-04-13,Luva Motoboy,1,2.6567063492063494,2.6259668,1.6567063492063494,1.6259667873382568,1.6567063492063494,1.6259667873382568
2026-04-13,Retrovisor Esportivo,0,0.531952380952381,0.70587915,0.531952380952381,0.7058791518211365,0.531952380952381,0.7058791518211365
2026-04-13,Suporte Celular Moto,5,3.099800595238093,2.5242033,-1.9001994047619069,-2.475796699523926,1.9001994047619069,2.475796699523926
2026-04-14,Bag Delivery 45L,1,3.4179246031746033,1.4732879,2.4179246031746033,0.4732879400253296,2.4179246031746033,0.4732879400253296
2026-04-14,Bag Delivery 80L,0,1.1586101190476188,1.4458176,1.1586101190476188,1.4458175897598267,1.1586101190476188,1.4458175897598267
2026-04-14,Balaclava,1,1.051535714285714,0.9089013,0.05153571428571402,-0.09109872579574585,0.05153571428571402,0.09109872579574585
2026-04-14,Baú Moto 30L,0,1.0065535714285716,1.1546608,1.0065535714285716,1.1546608209609985,1.0065535714285716,1.1546608209609985
2026-04-14,Capa de Chuva,0,2.0685178571428575,1.8422084,2.0685178571428575,1.8422083854675293,2.0685178571428575,1.8422083854675293
2026-04-14,Capacete LS2,0,0.8455833333333329,0.22227404,0.8455833333333329,0.2222740352153778,0.8455833333333329,0.2222740352153778
2026-04-14,Capacete Pro Tork,1,1.3278333333333325,1.4359497,0.32783333333333253,0.4359496831893921,0.32783333333333253,0.4359496831893921
2026-04-14,Carregador USB Moto,0,0.6116517857142857,0.5342397,0.6116517857142857,0.5342397093772888,0.6116517857142857,0.5342397093772888
2026-04-14,Intercomunicador,0,0.01125,0.055479914,0.01125,0.05547991394996643,0.01125,0.05547991394996643
2026-04-14,Luva Motoboy,1,2.0971250000000006,2.382593,1.0971250000000006,1.3825929164886475,1.0971250000000006,1.3825929164886475
2026-04-14,Retrovisor Esportivo,1,0.6183392857142858,0.6254003,-0.38166071428571424,-0.3745996952056885,0.38166071428571424,0.3745996952056885
2026-04-14,Suporte Celular Moto,5,3.277449585137084,3.2821443,-1.722550414862916,-1.71785569190979,1.722550414862916,1.71785569190979
2026-04-15,Bag Delivery 45L,4,3.7315297619047616,2.8457458,-0.2684702380952384,-1.1542541980743408,0.2684702380952384,1.1542541980743408
2026-04-15,Bag Delivery 80L,0,1.591188492063492,1.1351302,1.591188492063492,1.1351301670074463,1.591188492063492,1.1351301670074463
2026-04-15,Balaclava,0,0.7698511904761908,0.7241529,0.7698511904761908,0.7241529226303101,0.7698511904761908,0.7241529226303101
2026-04-15,Baú Moto 30L,2,0.6466875000000002,1.1378608,-1.3533125,-0.8621392250061035,1.3533125,0.8621392250061035
2026-04-15,Capa de Chuva,5,2.2447529761904774,2.021752,-2.7552470238095226,-2.978247880935669,2.7552470238095226,2.978247880935669
2026-04-15,Capacete LS2,0,0.8242648809523807,0.20576325,0.8242648809523807,0.20576325058937073,0.8242648809523807,0.20576325058937073
2026-04-15,Capacete Pro Tork,4,1.491882936507936,1.476906,-2.508117063492064,-2.523094058036804,2.508117063492064,2.523094058036804
2026-04-15,Carregador USB Moto,0,0.5868363095238096,0.6021997,0.5868363095238096,0.6021996736526489,0.5868363095238096,0.6021996736526489
2026-04-15,Intercomunicador,0,0.011458333333333333,0.05320183,0.011458333333333333,0.0532018281519413,0.011458333333333333,0.0532018281519413
2026-04-15,Luva Motoboy,0,2.4517261904761893,2.4459527,2.4517261904761893,2.4459526538848877,2.4517261904761893,2.4459526538848877
2026-04-15,Retrovisor Esportivo,0,0.46733333333333327,0.653313,0.46733333333333327,0.6533129811286926,0.46733333333333327,0.6533129811286926
2026-04-15,Suporte Celular Moto,4,2.944273427960926,2.1008315,-1.0557265720390738,-1.8991684913635254,1.0557265720390738,1.8991684913635254
2026-04-16,Bag Delivery 45L,4,4.178143939393941,2.9414763,0.1781439393939408,-1.0585236549377441,0.1781439393939408,1.0585236549377441
2026-04-16,Bag Delivery 80L,3,1.627964285714286,1.5029811,-1.372035714285714,-1.4970189332962036,1.372035714285714,1.4970189332962036
2026-04-16,Balaclava,3,0.7288601190476192,0.76686287,-2.271139880952381,-2.2331371307373047,2.271139880952381,2.2331371307373047
2026-04-16,Baú Moto 30L,3,0.8071755952380951,1.1199785,-2.1928244047619048,-1.8800214529037476,2.1928244047619048,1.8800214529037476
2026-04-16,Capa de Chuva,6,2.975576388888888,1.9261702,-3.024423611111112,-4.073829770088196,3.024423611111112,4.073829770088196
2026-04-16,Capacete LS2,0,0.6717023809523809,0.20380563,0.6717023809523809,0.20380562543869019,0.6717023809523809,0.20380562543869019
2026-04-16,Capacete Pro Tork,0,1.7137251984126975,1.7638669,1.7137251984126975,1.763866901397705,1.7137251984126975,1.763866901397705
2026-04-16,Carregador USB Moto,0,0.8307301587301591,0.558397,0.8307301587301591,0.5583969950675964,0.8307301587301591,0.5583969950675964
2026-04-16,Intercomunicador,0,0.005,0.06345295,0.005,0.06345295161008835,0.005,0.06345295161008835
2026-04-16,Luva Motoboy,3,3.0837767857142855,2.6056023,0.08377678571428548,-0.3943977355957031,0.08377678571428548,0.3943977355957031
2026-04-16,Retrovisor Esportivo,0,0.5049642857142858,0.6209495,0.5049642857142858,0.6209495067596436,0.5049642857142858,0.6209495067596436
2026-04-16,Suporte Celular Moto,3,2.4687787698412698,2.4422033,-0.5312212301587302,-0.5577967166900635,0.5312212301587302,0.5577967166900635
2026-04-17,Bag Delivery 45L,7,3.659354166666666,2.5513473,-3.340645833333334,-4.448652744293213,3.340645833333334,4.448652744293213
2026-04-17,Bag Delivery 80L,1,1.606032738095238,1.3218288,0.6060327380952379,0.32182884216308594,0.6060327380952379,0.32182884216308594
2026-04-17,Balaclava,0,0.7578363095238098,0.5171751,0.7578363095238098,0.5171750783920288,0.7578363095238098,0.5171750783920288
2026-04-17,Baú Moto 30L,1,0.9063353174603175,1.0130887,-0.09366468253968252,0.013088703155517578,0.09366468253968252,0.013088703155517578
2026-04-17,Capa de Chuva,3,2.7432529761904783,2.0036163,-0.25674702380952175,-0.9963836669921875,0.25674702380952175,0.9963836669921875
2026-04-17,Capacete LS2,0,0.4276607142857142,0.1741848,0.4276607142857142,0.17418479919433594,0.4276607142857142,0.17418479919433594
2026-04-17,Capacete Pro Tork,0,2.082156746031746,1.7503079,2.082156746031746,1.7503079175949097,2.082156746031746,1.7503079175949097
2026-04-17,Carregador USB Moto,1,1.0087301587301585,0.51835877,0.008730158730158477,-0.4816412329673767,0.008730158730158477,0.4816412329673767
2026-04-17,Intercomunicador,0,0.005,0.04776527,0.005,0.04776526987552643,0.005,0.04776526987552643
2026-04-17,Luva Motoboy,6,3.4132906746031764,2.5510976,-2.5867093253968236,-3.4489023685455322,2.5867093253968236,3.4489023685455322
2026-04-17,Retrovisor Esportivo,1,0.5995962301587302,0.6063946,-0.4004037698412698,-0.39360541105270386,0.4004037698412698,0.39360541105270386
2026-04-17,Suporte Celular Moto,8,2.7798878968253975,2.299041,-5.2201121031746025,-5.700958967208862,5.2201121031746025,5.700958967208862
2026-04-18,Bag Delivery 45L,2,2.770282738095241,1.5353614,0.7702827380952408,-0.4646385908126831,0.7702827380952408,0.4646385908126831
2026-04-18,Bag Delivery 80L,0,1.3894732142857145,1.6030163,1.3894732142857145,1.6030162572860718,1.3894732142857145,1.6030162572860718
2026-04-18,Balaclava,0,0.7105148809523808,0.8801938,0.7105148809523808,0.880193829536438,0.7105148809523808,0.880193829536438
2026-04-18,Baú Moto 30L,4,0.6719087301587302,1.1815971,-3.32809126984127,-2.818402886390686,3.32809126984127,2.818402886390686
2026-04-18,Capa de Chuva,1,2.472056547619048,1.5491837,1.4720565476190481,0.54918372631073,1.4720565476190481,0.54918372631073
2026-04-18,Capacete LS2,0,0.3701190476190477,0.27567503,0.3701190476190477,0.2756750285625458,0.3701190476190477,0.2756750285625458
2026-04-18,Capacete Pro Tork,0,2.6239166666666676,1.6213197,2.6239166666666676,1.6213196516036987,2.6239166666666676,1.6213196516036987
2026-04-18,Carregador USB Moto,1,0.8865982142857146,0.65526164,-0.11340178571428539,-0.3447383642196655,0.11340178571428539,0.3447383642196655
2026-04-18,Intercomunicador,0,0.0075,0.086788066,0.0075,0.08678806573152542,0.0075,0.08678806573152542
2026-04-18,Luva Motoboy,2,2.6307906746031735,2.2612348,0.6307906746031735,0.26123476028442383,0.6307906746031735,0.26123476028442383
2026-04-18,Retrovisor Esportivo,0,0.5987559523809522,0.7396622,0.5987559523809522,0.7396621704101562,0.5987559523809522,0.7396621704101562
2026-04-18,Suporte Celular Moto,5,3.191085317460317,2.2254567,-1.8089146825396831,-2.774543285369873,1.8089146825396831,2.774543285369873
2026-04-19,Bag Delivery 45L,0,2.7372410714285706,1.4390755,2.7372410714285706,1.4390754699707031,2.7372410714285706,1.4390754699707031
2026-04-19,Bag Delivery 80L,7,1.5572281746031746,1.3478893,-5.442771825396825,-5.652110695838928,5.442771825396825,5.652110695838928
2026-04-19,Balaclava,2,1.0103521825396826,0.8212162,-0.9896478174603174,-1.1787837743759155,0.9896478174603174,1.1787837743759155
2026-04-19,Baú Moto 30L,1,0.9907113095238096,1.0116245,-0.009288690476190409,0.011624455451965332,0.009288690476190409,0.011624455451965332
2026-04-19,Capa de Chuva,0,2.3929494047619047,1.6158662,2.3929494047619047,1.6158661842346191,2.3929494047619047,1.6158661842346191
2026-04-19,Capacete LS2,0,0.6880396825396826,0.20104839,0.6880396825396826,0.20104838907718658,0.6880396825396826,0.20104838907718658
2026-04-19,Capacete Pro Tork,1,1.8049057539682538,1.3795667,0.8049057539682538,0.37956666946411133,0.8049057539682538,0.37956666946411133
2026-04-19,Carregador USB Moto,0,1.152455357142857,0.6343269,1.152455357142857,0.6343268752098083,1.152455357142857,0.6343268752098083
2026-04-19,Intercomunicador,0,0.11541666666666667,0.0633018,0.11541666666666667,0.06330180168151855,0.11541666666666667,0.06330180168151855
2026-04-19,Luva Motoboy,5,2.526310515873015,2.1523,-2.473689484126985,-2.8477001190185547,2.473689484126985,2.8477001190185547
2026-04-19,Retrovisor Esportivo,0,0.6085535714285715,0.51997167,0.6085535714285715,0.5199716687202454,0.6085535714285715,0.5199716687202454
2026-04-19,Suporte Celular Moto,6,2.864570436507937,2.2408774,-3.135429563492063,-3.759122610092163,3.135429563492063,3.759122610092163
2026-04-20,Bag Delivery 45L,1,3.428283730158729,3.5968847,2.428283730158729,2.5968847274780273,2.428283730158729,2.5968847274780273
2026-04-20,Bag Delivery 80L,0,2.4886865079365084,2.1325269,2.4886865079365084,2.1325268745422363,2.4886865079365084,2.1325268745422363
2026-04-20,Balaclava,0,0.6084940476190477,0.79238087,0.6084940476190477,0.7923808693885803,0.6084940476190477,0.7923808693885803
2026-04-20,Baú Moto 30L,0,0.8705158730158732,1.2845736,0.8705158730158732,1.2845735549926758,0.8705158730158732,1.2845735549926758
2026-04-20,Capa de Chuva,4,2.825249999999999,2.405039,-1.1747500000000008,-1.5949609279632568,1.1747500000000008,1.5949609279632568
2026-04-20,Capacete LS2,0,0.7509017857142862,0.23330835,0.7509017857142862,0.233308345079422,0.7509017857142862,0.233308345079422
2026-04-20,Capacete Pro Tork,0,1.5066101190476184,1.3407127,1.5066101190476184,1.3407126665115356,1.5066101190476184,1.3407126665115356
2026-04-20,Carregador USB Moto,5,0.8427003968253969,0.5951559,-4.157299603174603,-4.404844105243683,4.157299603174603,4.404844105243683
2026-04-20,Intercomunicador,0,0.15147916666666666,0.08178778,0.15147916666666666,0.08178777992725372,0.15147916666666666,0.08178777992725372
2026-04-20,Luva Motoboy,1,2.335430555555556,2.3417385,1.335430555555556,1.3417384624481201,1.335430555555556,1.3417384624481201
2026-04-20,Retrovisor Esportivo,0,0.5788730158730158,0.52421314,0.5788730158730158,0.5242131352424622,0.5788730158730158,0.5242131352424622
2026-04-20,Suporte Celular Moto,1,2.9535763888888873,1.4340192,1.9535763888888873,0.43401920795440674,1.9535763888888873,0.43401920795440674
2026-04-21,Bag Delivery 45L,3,3.3120138888888873,3.4720979,0.31201388888888726,0.47209787368774414,0.31201388888888726,0.47209787368774414
2026-04-21,Bag Delivery 80L,4,1.184553571428572,1.0656236,-2.815446428571428,-2.934376358985901,2.815446428571428,2.934376358985901
2026-04-21,Balaclava,1,0.9936646825396822,0.84870696,-0.006335317460317791,-0.15129303932189941,0.006335317460317791,0.15129303932189941
2026-04-21,Baú Moto 30L,2,0.7750307539682538,1.0771861,-1.2249692460317463,-0.922813892364502,1.2249692460317463,0.922813892364502
2026-04-21,Capa de Chuva,0,2.8083204365079366,2.3281312,2.8083204365079366,2.3281311988830566,2.8083204365079366,2.3281311988830566
2026-04-21,Capacete LS2,0,0.8610922619047622,0.2387431,0.8610922619047622,0.23874309659004211,0.8610922619047622,0.23874309659004211
2026-04-21,Capacete Pro Tork,0,1.4738095238095241,1.3047302,1.4738095238095241,1.3047301769256592,1.4738095238095241,1.3047301769256592
2026-04-21,Carregador USB Moto,0,0.6309702380952382,0.63038254,0.6309702380952382,0.6303825378417969,0.6309702380952382,0.6303825378417969
2026-04-21,Intercomunicador,0,0.08887797619047619,0.07485442,0.08887797619047619,0.07485441863536835,0.08887797619047619,0.07485441863536835
2026-04-21,Luva Motoboy,0,2.758932539682539,2.236584,2.758932539682539,2.236583948135376,2.758932539682539,2.236583948135376
2026-04-21,Retrovisor Esportivo,0,0.6123928571428572,0.3958881,0.6123928571428572,0.395888090133667,0.6123928571428572,0.395888090133667
2026-04-21,Suporte Celular Moto,1,3.033252976190478,2.4898467,2.033252976190478,1.4898467063903809,2.033252976190478,1.4898467063903809
2026-04-22,Bag Delivery 45L,2,4.550214285714282,3.823727,2.550214285714282,1.8237268924713135,2.550214285714282,1.8237268924713135
2026-04-22,Bag Delivery 80L,1,1.342547619047619,1.0627296,0.3425476190476191,0.0627295970916748,0.3425476190476191,0.0627295970916748
2026-04-22,Balaclava,1,1.0781250000000002,0.89465034,0.07812500000000022,-0.10534965991973877,0.07812500000000022,0.10534965991973877
2026-04-22,Baú Moto 30L,0,0.8946726190476194,1.0047,0.8946726190476194,1.004699945449829,0.8946726190476194,1.004699945449829
2026-04-22,Capa de Chuva,1,2.561594246031747,2.1917257,1.561594246031747,1.191725730895996,1.561594246031747,1.191725730895996
2026-04-22,Capacete LS2,0,1.0964166666666668,0.25567865,1.0964166666666668,0.255678653717041,1.0964166666666668,0.255678653717041
2026-04-22,Capacete Pro Tork,0,1.599291666666666,1.329843,1.599291666666666,1.3298430442810059,1.599291666666666,1.3298430442810059
2026-04-22,Carregador USB Moto,1,0.49177876984126984,0.786083,-0.5082212301587301,-0.21391701698303223,0.5082212301587301,0.21391701698303223
2026-04-22,Intercomunicador,0,0.04000297619047619,0.08181359,0.04000297619047619,0.08181358873844147,0.04000297619047619,0.08181358873844147
2026-04-22,Luva Motoboy,2,3.070768849206348,2.1646264,1.070768849206348,0.1646263599395752,1.070768849206348,0.1646263599395752
2026-04-22,Retrovisor Esportivo,2,0.7699563492063491,0.55221117,-1.2300436507936507,-1.4477888345718384,1.2300436507936507,1.4477888345718384
2026-04-22,Suporte Celular Moto,0,2.5100535714285708,2.285995,2.5100535714285708,2.2859950065612793,2.5100535714285708,2.2859950065612793
2026-04-23,Bag Delivery 45L,5,2.5504394841269837,1.8402408,-2.4495605158730163,-3.1597591638565063,2.4495605158730163,3.1597591638565063
2026-04-23,Bag Delivery 80L,0,1.4590912698412695,1.4495723,1.4590912698412695,1.4495723247528076,1.4590912698412695,1.4495723247528076
2026-04-23,Balaclava,3,0.9963303571428568,0.96361953,-2.003669642857143,-2.0363804697990417,2.003669642857143,2.0363804697990417
2026-04-23,Baú Moto 30L,0,1.0371666666666661,1.1192645,1.0371666666666661,1.1192644834518433,1.0371666666666661,1.1192644834518433
2026-04-23,Capa de Chuva,6,3.3539848484848487,2.5914147,-2.6460151515151513,-3.4085853099823,2.6460151515151513,3.4085853099823
2026-04-23,Capacete LS2,0,1.1826011904761906,0.2565823,1.1826011904761906,0.2565822899341583,1.1826011904761906,0.2565822899341583
2026-04-23,Capacete Pro Tork,2,1.582799603174603,1.2821715,-0.417200396825397,-0.7178285121917725,0.417200396825397,0.7178285121917725
2026-04-23,Carregador USB Moto,0,0.5635654761904759,0.7405137,0.5635654761904759,0.7405136823654175,0.5635654761904759,0.7405136823654175
2026-04-23,Intercomunicador,0,0.10676785714285714,0.09492594,0.10676785714285714,0.09492594003677368,0.10676785714285714,0.09492594003677368
2026-04-23,Luva Motoboy,2,2.4864974053724054,1.9776123,0.4864974053724054,-0.02238774299621582,0.4864974053724054,0.02238774299621582
2026-04-23,Retrovisor Esportivo,1,0.42760119047619033,0.4167953,-0.5723988095238097,-0.5832046866416931,0.5723988095238097,0.5832046866416931
2026-04-23,Suporte Celular Moto,7,3.0580853174603195,3.141608,-3.9419146825396805,-3.8583920001983643,3.9419146825396805,3.8583920001983643
2026-04-24,Bag Delivery 45L,4,3.082141865079367,1.4157437,-0.9178581349206332,-2.5842562913894653,0.9178581349206332,2.5842562913894653
2026-04-24,Bag Delivery 80L,5,1.71300496031746,1.4143621,-3.28699503968254,-3.585637927055359,3.28699503968254,3.585637927055359
2026-04-24,Balaclava,5,0.7622440476190477,0.7423557,-4.237755952380953,-4.257644295692444,4.237755952380953,4.257644295692444
2026-04-24,Baú Moto 30L,1,1.0684642857142854,1.0857038,0.06846428571428542,0.08570384979248047,0.06846428571428542,0.08570384979248047
2026-04-24,Capa de Chuva,5,2.0387053571428555,1.7980281,-2.9612946428571445,-3.2019718885421753,2.9612946428571445,3.2019718885421753
2026-04-24,Capacete LS2,0,1.0983839285714287,0.23258866,1.0983839285714287,0.23258866369724274,1.0983839285714287,0.23258866369724274
2026-04-24,Capacete Pro Tork,0,1.2499444444444443,1.1887244,1.2499444444444443,1.188724398612976,1.2499444444444443,1.188724398612976
2026-04-24,Carregador USB Moto,2,0.6194285714285713,0.6610002,-1.3805714285714288,-1.3389998078346252,1.3805714285714288,1.3389998078346252
2026-04-24,Intercomunicador,0,0.04247619047619047,0.08136613,0.04247619047619047,0.08136612921953201,0.04247619047619047,0.08136612921953201
2026-04-24,Luva Motoboy,1,2.6477232142857146,2.759349,1.6477232142857146,1.7593491077423096,1.6477232142857146,1.7593491077423096
2026-04-24,Retrovisor Esportivo,1,0.42948214285714287,0.52152383,-0.5705178571428571,-0.4784761667251587,0.5705178571428571,0.4784761667251587
2026-04-24,Suporte Celular Moto,3,2.626374618437118,2.2116961,-0.37362538156288183,-0.7883038520812988,0.37362538156288183,0.7883038520812988
2026-04-25,Bag Delivery 45L,5,2.848471230158728,1.8181182,-2.151528769841272,-3.1818817853927612,2.151528769841272,3.1818817853927612
2026-04-25,Bag Delivery 80L,1,2.0187579365079364,1.2621102,1.0187579365079364,0.26211023330688477,1.0187579365079364,0.26211023330688477
2026-04-25,Balaclava,0,1.0031279761904768,0.90588653,1.0031279761904768,0.9058865308761597,1.0031279761904768,0.9058865308761597
2026-04-25,Baú Moto 30L,4,1.3511845238095237,1.3467798,-2.6488154761904763,-2.6532201766967773,2.6488154761904763,2.6532201766967773
2026-04-25,Capa de Chuva,4,2.6926121031746026,2.3135264,-1.3073878968253974,-1.6864736080169678,1.3073878968253974,1.6864736080169678
2026-04-25,Capacete LS2,0,0.9862152777777782,0.38333756,0.9862152777777782,0.3833375573158264,0.9862152777777782,0.3833375573158264
2026-04-25,Capacete Pro Tork,7,1.8341587301587308,1.3170165,-5.16584126984127,-5.6829835176467896,5.16584126984127,5.6829835176467896
2026-04-25,Carregador USB Moto,0,0.3437083333333334,0.5897544,0.3437083333333334,0.5897544026374817,0.3437083333333334,0.5897544026374817
2026-04-25,Intercomunicador,1,0.03641666666666666,0.23211503,-0.9635833333333333,-0.7678849697113037,0.9635833333333333,0.7678849697113037
2026-04-25,Luva Motoboy,5,3.0745416666666676,3.228161,-1.9254583333333324,-1.771838903427124,1.9254583333333324,1.771838903427124
2026-04-25,Retrovisor Esportivo,0,0.514735119047619,0.48481825,0.514735119047619,0.4848182499408722,0.514735119047619,0.4848182499408722
2026-04-25,Suporte Celular Moto,2,2.9200664682539683,2.8533795,0.9200664682539683,0.853379487991333,0.9200664682539683,0.853379487991333
2026-04-26,Bag Delivery 45L,11,4.1584186507936485,3.8892305,-6.8415813492063515,-7.110769510269165,6.8415813492063515,7.110769510269165
2026-04-26,Bag Delivery 80L,0,1.62003373015873,0.8524837,1.62003373015873,0.8524836897850037,1.62003373015873,0.8524836897850037
2026-04-26,Balaclava,0,1.0788571428571427,0.8972244,1.0788571428571427,0.8972244262695312,1.0788571428571427,0.8972244262695312
2026-04-26,Baú Moto 30L,2,1.4421795634920642,0.96576065,-0.5578204365079358,-1.0342393517494202,0.5578204365079358,1.0342393517494202
2026-04-26,Capa de Chuva,2,2.7407996031746027,1.5997376,0.7407996031746027,-0.40026235580444336,0.7407996031746027,0.40026235580444336
2026-04-26,Capacete LS2,0,1.0029295634920636,0.2636899,1.0029295634920636,0.26368990540504456,1.0029295634920636,0.26368990540504456
2026-04-26,Capacete Pro Tork,3,1.7421458333333333,1.8059564,-1.2578541666666667,-1.1940436363220215,1.2578541666666667,1.1940436363220215
2026-04-26,Carregador USB Moto,2,0.2844107142857143,0.60659343,-1.7155892857142856,-1.3934065699577332,1.7155892857142856,1.3934065699577332
2026-04-26,Intercomunicador,0,0.5892738095238097,0.08074939,0.5892738095238097,0.08074939250946045,0.5892738095238097,0.08074939250946045
2026-04-26,Luva Motoboy,6,2.8292589285714276,2.2276068,-3.1707410714285724,-3.772393226623535,3.1707410714285724,3.772393226623535
2026-04-26,Retrovisor Esportivo,2,0.7732145562770567,0.70984966,-1.2267854437229433,-1.2901503443717957,1.2267854437229433,1.2901503443717957
2026-04-26,Suporte Celular Moto,2,3.791373015873017,3.2860854,1.7913730158730168,1.2860853672027588,1.7913730158730168,1.2860853672027588
2026-04-27,Bag Delivery 45L,2,4.104254960317463,3.4469302,2.104254960317463,1.446930170059204,2.104254960317463,1.446930170059204
2026-04-27,Bag Delivery 80L,4,1.9438333333333342,1.7456814,-2.056166666666666,-2.254318594932556,2.056166666666666,2.254318594932556
2026-04-27,Balaclava,0,0.791720238095238,1.0147356,0.791720238095238,1.0147355794906616,0.791720238095238,1.0147355794906616
2026-04-27,Baú Moto 30L,1,1.6572986111111105,1.0636368,0.6572986111111105,0.06363677978515625,0.6572986111111105,0.06363677978515625
2026-04-27,Capa de Chuva,3,2.7655942460317475,2.1498594,-0.23440575396825247,-0.8501405715942383,0.23440575396825247,0.8501405715942383
2026-04-27,Capacete LS2,0,1.0559345238095235,0.38488656,1.0559345238095235,0.38488656282424927,1.0559345238095235,0.38488656282424927
2026-04-27,Capacete Pro Tork,2,1.3050625,1.4036063,-0.6949375,-0.5963937044143677,0.6949375,0.5963937044143677
2026-04-27,Carregador USB Moto,0,1.2556954365079362,1.1671045,1.2556954365079362,1.1671044826507568,1.2556954365079362,1.1671044826507568
2026-04-27,Intercomunicador,0,0.3786071428571428,0.13165082,0.3786071428571428,0.13165082037448883,0.3786071428571428,0.13165082037448883
2026-04-27,Luva Motoboy,2,2.2909940476190473,2.6820354,0.29099404761904735,0.6820354461669922,0.29099404761904735,0.6820354461669922
2026-04-27,Retrovisor Esportivo,0,0.5192083333333334,0.55839896,0.5192083333333334,0.558398962020874,0.5192083333333334,0.558398962020874
2026-04-27,Suporte Celular Moto,4,4.419708333333333,3.4637241,0.41970833333333335,-0.5362758636474609,0.41970833333333335,0.5362758636474609
2026-04-28,Bag Delivery 45L,4,3.3993948412698427,3.454868,-0.6006051587301573,-0.5451319217681885,0.6006051587301573,0.5451319217681885
2026-04-28,Bag Delivery 80L,1,1.8031349206349208,1.3212751,0.8031349206349208,0.32127511501312256,0.8031349206349208,0.32127511501312256
2026-04-28,Balaclava,2,0.8813571428571426,1.0460067,-1.1186428571428575,-0.9539933204650879,1.1186428571428575,0.9539933204650879
2026-04-28,Baú Moto 30L,1,1.0690714285714285,1.2162766,0.06907142857142845,0.2162766456604004,0.06907142857142845,0.2162766456604004
2026-04-28,Capa de Chuva,1,2.1380228174603166,2.156409,1.1380228174603166,1.1564090251922607,1.1380228174603166,1.1564090251922607
2026-04-28,Capacete LS2,0,1.0945892857142854,0.3054122,1.0945892857142854,0.3054122030735016,1.0945892857142854,0.3054122030735016
2026-04-28,Capacete Pro Tork,2,1.5828055555555554,1.4417754,-0.41719444444444465,-0.5582245588302612,0.41719444444444465,0.5582245588302612
2026-04-28,Carregador USB Moto,0,0.8376726190476191,0.82697165,0.8376726190476191,0.8269716501235962,0.8376726190476191,0.8269716501235962
2026-04-28,Intercomunicador,0,0.3794404761904761,0.12804793,0.3794404761904761,0.12804792821407318,0.3794404761904761,0.12804792821407318
2026-04-28,Luva Motoboy,5,2.8871881313131307,2.7796683,-2.1128118686868693,-2.2203316688537598,2.1128118686868693,2.2203316688537598
2026-04-28,Retrovisor Esportivo,1,0.5434404761904762,0.68088365,-0.4565595238095238,-0.31911635398864746,0.4565595238095238,0.31911635398864746
2026-04-28,Suporte Celular Moto,1,3.693733134920635,3.178997,2.693733134920635,2.178997039794922,2.693733134920635,2.178997039794922
2026-04-29,Bag Delivery 45L,7,3.4371240079365095,3.0171375,-3.5628759920634905,-3.9828624725341797,3.5628759920634905,3.9828624725341797
2026-04-29,Bag Delivery 80L,1,1.9606369047619048,1.9976318,0.9606369047619048,0.9976317882537842,0.9606369047619048,0.9976317882537842
2026-04-29,Balaclava,0,1.0831309523809525,0.99535793,1.0831309523809525,0.9953579306602478,1.0831309523809525,0.9953579306602478
2026-04-29,Baú Moto 30L,1,1.4790175865800865,1.6033651,0.47901758658008653,0.6033650636672974,0.47901758658008653,0.6033650636672974
2026-04-29,Capa de Chuva,2,1.9267351190476194,1.7469823,-0.0732648809523806,-0.2530176639556885,0.0732648809523806,0.2530176639556885
2026-04-29,Capacete LS2,0,1.1231071428571429,0.35984656,1.1231071428571429,0.3598465621471405,1.1231071428571429,0.3598465621471405
2026-04-29,Capacete Pro Tork,3,2.1415426587301583,1.8210894,-0.8584573412698417,-1.1789106130599976,0.8584573412698417,1.1789106130599976
2026-04-29,Carregador USB Moto,0,0.951982142857143,0.92399824,0.951982142857143,0.923998236656189,0.951982142857143,0.923998236656189
2026-04-29,Intercomunicador,4,0.42069047619047617,0.18248218,-3.579309523809524,-3.8175178170204163,3.579309523809524,3.8175178170204163
2026-04-29,Luva Motoboy,3,2.1487976190476186,2.207317,-0.8512023809523814,-0.7926828861236572,0.8512023809523814,0.7926828861236572
2026-04-29,Retrovisor Esportivo,0,0.4806428571428571,0.5825405,0.4806428571428571,0.5825405120849609,0.4806428571428571,0.5825405120849609
2026-04-29,Suporte Celular Moto,3,3.8396011904761917,3.568407,0.8396011904761917,0.5684070587158203,0.8396011904761917,0.5684070587158203
2026-04-30,Bag Delivery 45L,1,4.587410714285717,4.1613903,3.587410714285717,3.1613903045654297,3.587410714285717,3.1613903045654297
2026-04-30,Bag Delivery 80L,0,2.198955357142858,2.4091294,2.198955357142858,2.4091293811798096,2.198955357142858,2.4091293811798096
2026-04-30,Balaclava,1,1.336440476190476,1.4321322,0.336440476190476,0.4321322441101074,0.336440476190476,0.4321322441101074
2026-04-30,Baú Moto 30L,1,2.0554444444444444,1.8763088,1.0554444444444444,0.876308798789978,1.0554444444444444,0.876308798789978
2026-04-30,Capa de Chuva,8,2.298604166666667,2.622666,-5.701395833333333,-5.377334117889404,5.701395833333333,5.377334117889404
2026-04-30,Capacete LS2,1,1.1196011904761907,0.46093804,0.11960119047619067,-0.539061963558197,0.11960119047619067,0.539061963558197
2026-04-30,Capacete Pro Tork,4,1.69872619047619,1.6276358,-2.30127380952381,-2.3723641633987427,2.30127380952381,2.3723641633987427
2026-04-30,Carregador USB Moto,0,0.970467261904762,0.97528523,0.970467261904762,0.9752852320671082,0.970467261904762,0.9752852320671082
2026-04-30,Intercomunicador,0,0.1162559523809524,0.26283464,0.1162559523809524,0.2628346383571625,0.1162559523809524,0.2628346383571625
2026-04-30,Luva Motoboy,0,2.0699484126984125,2.1020775,2.0699484126984125,2.1020774841308594,2.0699484126984125,2.1020774841308594
2026-04-30,Retrovisor Esportivo,0,0.6462986111111111,0.76073575,0.6462986111111111,0.7607357501983643,0.6462986111111111,0.7607357501983643
2026-04-30,Suporte Celular Moto,6,3.6213095238095248,3.5237367,-2.3786904761904752,-2.4762632846832275,2.3786904761904752,2.4762632846832275
2026-05-01,Bag Delivery 45L,3,3.868219246031746,2.916757,0.8682192460317459,-0.08324289321899414,0.8682192460317459,0.08324289321899414
2026-05-01,Bag Delivery 80L,1,1.0006964285714286,1.2086085,0.0006964285714285978,0.2086085081100464,0.0006964285714285978,0.2086085081100464
2026-05-01,Balaclava,4,1.4884632936507944,1.1294096,-2.5115367063492053,-2.8705904483795166,2.5115367063492053,2.8705904483795166
2026-05-01,Baú Moto 30L,0,0.8990773809523808,0.8258558,0.8990773809523808,0.8258557915687561,0.8990773809523808,0.8258557915687561
2026-05-01,Capa de Chuva,0,2.695686147186146,1.8877937,2.695686147186146,1.8877936601638794,2.695686147186146,1.8877936601638794
2026-05-01,Capacete LS2,2,0.3506031746031746,0.08111915,-1.6493968253968254,-1.9188808500766754,1.6493968253968254,1.9188808500766754
2026-05-01,Capacete Pro Tork,1,1.8302172619047616,1.5796697,0.8302172619047616,0.579669713973999,0.8302172619047616,0.579669713973999
2026-05-01,Carregador USB Moto,0,1.0157599206349202,0.66010267,1.0157599206349202,0.6601026654243469,1.0157599206349202,0.6601026654243469
2026-05-01,Intercomunicador,0,0.2983928571428571,0.038231883,0.2983928571428571,0.03823188319802284,0.2983928571428571,0.03823188319802284
2026-05-01,Luva Motoboy,4,3.734207341269842,3.714039,-0.2657926587301578,-0.2859609127044678,0.2657926587301578,0.2859609127044678
2026-05-01,Retrovisor Esportivo,0,0.42744642857142856,0.38080436,0.42744642857142856,0.3808043599128723,0.42744642857142856,0.3808043599128723
2026-05-01,Suporte Celular Moto,2,2.893207591020092,2.5584807,0.8932075910200918,0.5584807395935059,0.8932075910200918,0.5584807395935059
2026-05-02,Bag Delivery 45L,0,3.663457341269842,3.3040648,3.663457341269842,3.3040647506713867,3.663457341269842,3.3040647506713867
2026-05-02,Bag Delivery 80L,0,1.1252519841269844,1.170305,1.1252519841269844,1.1703050136566162,1.1252519841269844,1.1703050136566162
2026-05-02,Balaclava,0,1.187568452380952,0.52561295,1.187568452380952,0.5256129503250122,1.187568452380952,0.5256129503250122
2026-05-02,Baú Moto 30L,0,1.059175595238096,1.0364754,1.059175595238096,1.036475419998169,1.059175595238096,1.036475419998169
2026-05-02,Capa de Chuva,2,2.8907486471861468,2.3421907,0.8907486471861468,0.3421907424926758,0.8907486471861468,0.3421907424926758
2026-05-02,Capacete LS2,0,0.16529166666666664,0.053780556,0.16529166666666664,0.053780555725097656,0.16529166666666664,0.053780555725097656
2026-05-02,Capacete Pro Tork,0,1.679979166666667,1.8602185,1.679979166666667,1.8602185249328613,1.679979166666667,1.8602185249328613
2026-05-02,Carregador USB Moto,3,0.939113095238095,0.7614105,-2.060886904761905,-2.2385895252227783,2.060886904761905,2.2385895252227783
2026-05-02,Intercomunicador,0,0.12717857142857145,0.10557929,0.12717857142857145,0.10557928681373596,0.12717857142857145,0.10557928681373596
2026-05-02,Luva Motoboy,2,3.0776405122655115,2.9920545,1.0776405122655115,0.9920544624328613,1.0776405122655115,0.9920544624328613
2026-05-02,Retrovisor Esportivo,0,0.32441071428571433,0.3984533,0.32441071428571433,0.3984532952308655,0.32441071428571433,0.3984532952308655
2026-05-02,Suporte Celular Moto,2,2.6225075757575746,2.727604,0.6225075757575746,0.7276039123535156,0.6225075757575746,0.7276039123535156
2026-05-03,Bag Delivery 45L,5,4.694854166666664,7.1412535,-0.3051458333333361,2.1412534713745117,0.3051458333333361,2.1412534713745117
2026-05-03,Bag Delivery 80L,3,1.6402410714285711,1.7674483,-1.3597589285714289,-1.2325516939163208,1.3597589285714289,1.2325516939163208
2026-05-03,Balaclava,0,1.1218095238095243,0.8155812,1.1218095238095243,0.815581202507019,1.1218095238095243,0.815581202507019
2026-05-03,Baú Moto 30L,0,1.2829960317460318,0.9372382,1.2829960317460318,0.9372382164001465,1.2829960317460318,0.9372382164001465
2026-05-03,Capa de Chuva,1,2.515520833333332,2.5627005,1.515520833333332,1.5627005100250244,1.515520833333332,1.5627005100250244
2026-05-03,Capacete LS2,0,0.24358333333333335,0.07409313,0.24358333333333335,0.07409313321113586,0.24358333333333335,0.07409313321113586
2026-05-03,Capacete Pro Tork,1,1.4802678571428567,1.4959689,0.4802678571428567,0.49596893787384033,0.4802678571428567,0.49596893787384033
2026-05-03,Carregador USB Moto,0,0.5918412698412697,0.6412948,0.5918412698412697,0.6412947773933411,0.5918412698412697,0.6412947773933411
2026-05-03,Intercomunicador,0,0.12876785714285716,0.07254657,0.12876785714285716,0.0725465714931488,0.12876785714285716,0.0725465714931488
2026-05-03,Luva Motoboy,4,2.7690730519480513,3.2456555,-1.2309269480519487,-0.7543444633483887,1.2309269480519487,0.7543444633483887
2026-05-03,Retrovisor Esportivo,0,0.7193928571428572,0.56652534,0.7193928571428572,0.5665253400802612,0.7193928571428572,0.5665253400802612
2026-05-03,Suporte Celular Moto,4,3.9739255952380947,3.8563907,-0.026074404761905257,-0.14360928535461426,0.026074404761905257,0.14360928535461426
2026-05-04,Bag Delivery 45L,1,3.744354166666666,4.2863126,2.744354166666666,3.2863125801086426,2.744354166666666,3.2863125801086426
2026-05-04,Bag Delivery 80L,1,1.3211875,1.2888606,0.32118749999999996,0.288860559463501,0.32118749999999996,0.288860559463501
2026-05-04,Balaclava,3,1.0465843253968254,0.8717451,-1.9534156746031746,-2.1282548904418945,1.9534156746031746,2.1282548904418945
2026-05-04,Baú Moto 30L,0,1.6057361111111104,0.90920836,1.6057361111111104,0.909208357334137,1.6057361111111104,0.909208357334137
2026-05-04,Capa de Chuva,1,2.5166785714285713,2.6044266,1.5166785714285713,1.604426622390747,1.5166785714285713,1.604426622390747
2026-05-04,Capacete LS2,0,0.021666666666666664,0.11268029,0.021666666666666664,0.11268029361963272,0.021666666666666664,0.11268029361963272
2026-05-04,Capacete Pro Tork,0,2.111353174603173,1.6757071,2.111353174603173,1.6757071018218994,2.111353174603173,1.6757071018218994
2026-05-04,Carregador USB Moto,0,0.7376428571428572,0.608064,0.7376428571428572,0.6080639958381653,0.7376428571428572,0.6080639958381653
2026-05-04,Intercomunicador,0,0.11776785714285713,0.111133695,0.11776785714285713,0.11113369464874268,0.11776785714285713,0.11113369464874268
2026-05-04,Luva Motoboy,4,2.693010912698414,2.2690346,-1.3069890873015861,-1.7309653759002686,1.3069890873015861,1.7309653759002686
2026-05-04,Retrovisor Esportivo,3,0.2848035714285713,0.40943792,-2.7151964285714287,-2.5905620753765106,2.7151964285714287,2.5905620753765106
2026-05-04,Suporte Celular Moto,1,4.246523809523809,4.0972114,3.2465238095238087,3.0972113609313965,3.2465238095238087,3.0972113609313965
2026-05-05,Bag Delivery 45L,0,3.626377976190475,4.433749,3.626377976190475,4.433749198913574,3.626377976190475,4.433749198913574
2026-05-05,Bag Delivery 80L,0,1.837246031746031,1.3813665,1.837246031746031,1.381366491317749,1.837246031746031,1.381366491317749
2026-05-05,Balaclava,1,0.8387123015873017,0.7333178,-0.1612876984126983,-0.2666822075843811,0.1612876984126983,0.2666822075843811
2026-05-05,Baú Moto 30L,2,1.2207093253968255,0.9785406,-0.7792906746031745,-1.0214594006538391,0.7792906746031745,1.0214594006538391
2026-05-05,Capa de Chuva,0,1.8935238095238094,2.0067618,1.8935238095238094,2.0067617893218994,1.8935238095238094,2.0067617893218994
2026-05-05,Capacete LS2,0,0.010583333333333333,0.11744415,0.010583333333333333,0.11744415014982224,0.010583333333333333,0.11744415014982224
2026-05-05,Capacete Pro Tork,8,2.2485902777777764,1.5962782,-5.751409722222224,-6.403721809387207,5.751409722222224,6.403721809387207
2026-05-05,Carregador USB Moto,4,0.6742172619047618,0.5763534,-3.325782738095238,-3.423646628856659,3.325782738095238,3.423646628856659
2026-05-05,Intercomunicador,0,0.11464285714285713,0.11589754,0.11464285714285713,0.115897536277771,0.11464285714285713,0.115897536277771
2026-05-05,Luva Motoboy,1,2.861704365079366,3.0470893,1.8617043650793659,2.0470893383026123,1.8617043650793659,2.0470893383026123
2026-05-05,Retrovisor Esportivo,0,0.5258779761904764,0.43559334,0.5258779761904764,0.4355933368206024,0.5258779761904764,0.4355933368206024
2026-05-05,Suporte Celular Moto,6,3.105567460317462,3.3468723,-2.894432539682538,-2.653127670288086,2.894432539682538,2.653127670288086
2026-05-06,Bag Delivery 45L,0,3.849834325396827,3.0907097,3.849834325396827,3.090709686279297,3.849834325396827,3.090709686279297
2026-05-06,Bag Delivery 80L,1,1.6748978174603182,1.2753683,0.6748978174603182,0.275368332862854,0.6748978174603182,0.275368332862854
2026-05-06,Balaclava,0,0.6787892316017314,0.8182886,0.6787892316017314,0.8182886242866516,0.6787892316017314,0.8182886242866516
2026-05-06,Baú Moto 30L,0,1.0634375000000005,0.93667704,1.0634375000000005,0.9366770386695862,1.0634375000000005,0.9366770386695862
2026-05-06,Capa de Chuva,3,2.4371170634920647,2.2280738,-0.5628829365079353,-0.7719261646270752,0.5628829365079353,0.7719261646270752
2026-05-06,Capacete LS2,1,0.017208333333333336,0.11516606,-0.9827916666666666,-0.8848339393734932,0.9827916666666666,0.8848339393734932
2026-05-06,Capacete Pro Tork,2,1.8539642857142866,1.6051624,-0.14603571428571338,-0.3948376178741455,0.14603571428571338,0.3948376178741455
2026-05-06,Carregador USB Moto,1,0.8204543650793654,0.5925082,-0.17954563492063458,-0.4074918031692505,0.17954563492063458,0.4074918031692505
2026-05-06,Intercomunicador,0,0.13930952380952377,0.21424653,0.13930952380952377,0.21424652636051178,0.13930952380952377,0.21424652636051178
2026-05-06,Luva Motoboy,2,2.348152597402596,2.307557,0.3481525974025961,0.3075571060180664,0.3481525974025961,0.3075571060180664
2026-05-06,Retrovisor Esportivo,0,0.6865178571428571,0.59149647,0.6865178571428571,0.591496467590332,0.6865178571428571,0.591496467590332
2026-05-06,Suporte Celular Moto,12,2.7829047619047618,2.65706,-9.217095238095238,-9.342940092086792,9.217095238095238,9.342940092086792
2026-05-07,Bag Delivery 45L,1,4.075014880952381,3.903734,3.0750148809523807,2.903733968734741,3.0750148809523807,2.903733968734741
2026-05-07,Bag Delivery 80L,1,1.3965525793650793,1.2833827,0.39655257936507926,0.2833826541900635,0.39655257936507926,0.2833826541900635
2026-05-07,Balaclava,0,0.6344023268398269,0.8984533,0.6344023268398269,0.8984532952308655,0.6344023268398269,0.8984532952308655
2026-05-07,Baú Moto 30L,3,1.1711785714285716,0.9191827,-1.8288214285714284,-2.0808172821998596,1.8288214285714284,2.0808172821998596
2026-05-07,Capa de Chuva,6,2.4446587301587313,1.9962422,-3.5553412698412687,-4.003757834434509,3.5553412698412687,4.003757834434509
2026-05-07,Capacete LS2,0,0.21895833333333337,0.21048167,0.21895833333333337,0.2104816734790802,0.21895833333333337,0.2104816734790802
2026-05-07,Capacete Pro Tork,1,2.215178571428572,2.36161,1.2151785714285719,1.361609935760498,1.2151785714285719,1.361609935760498
2026-05-07,Carregador USB Moto,0,0.6840714285714283,0.78478134,0.6840714285714283,0.7847813367843628,0.6840714285714283,0.7847813367843628
2026-05-07,Intercomunicador,0,0.13651785714285716,0.15065822,0.13651785714285716,0.15065822005271912,0.13651785714285716,0.15065822005271912
2026-05-07,Luva Motoboy,4,1.9998775252525258,2.3277671,-2.0001224747474744,-1.6722328662872314,2.0001224747474744,1.6722328662872314
2026-05-07,Retrovisor Esportivo,1,0.3927361111111112,0.5625176,-0.6072638888888888,-0.43748241662979126,0.6072638888888888,0.43748241662979126
2026-05-07,Suporte Celular Moto,3,4.3717678571428555,5.1186814,1.3717678571428555,2.1186814308166504,1.3717678571428555,2.1186814308166504
2026-05-08,Bag Delivery 45L,6,4.0248888888888885,3.41208,-1.9751111111111115,-2.5879199504852295,1.9751111111111115,2.5879199504852295
2026-05-08,Bag Delivery 80L,1,1.4017668650793647,1.0883796,0.40176686507936465,0.0883796215057373,0.40176686507936465,0.0883796215057373
2026-05-08,Balaclava,0,1.2739995490620488,0.9351387,1.2739995490620488,0.9351387023925781,1.2739995490620488,0.9351387023925781
2026-05-08,Baú Moto 30L,0,1.7397906746031742,1.2275546,1.7397906746031742,1.2275545597076416,1.7397906746031742,1.2275545597076416
2026-05-08,Capa de Chuva,7,2.820344246031745,2.3362694,-4.179655753968255,-4.663730621337891,4.179655753968255,4.663730621337891
2026-05-08,Capacete LS2,1,0.233125,0.20946996,-0.766875,-0.7905300408601761,0.766875,0.7905300408601761
2026-05-08,Capacete Pro Tork,3,1.4857113095238095,1.767464,-1.5142886904761905,-1.2325359582901,1.5142886904761905,1.2325359582901
2026-05-08,Carregador USB Moto,1,0.6999632936507935,0.75650424,-0.30003670634920654,-0.24349576234817505,0.30003670634920654,0.24349576234817505
2026-05-08,Intercomunicador,0,0.12451785714285717,0.15414035,0.12451785714285717,0.15414035320281982,0.12451785714285717,0.15414035320281982
2026-05-08,Luva Motoboy,3,2.1243601190476182,2.1885233,-0.8756398809523818,-0.8114767074584961,0.8756398809523818,0.8114767074584961
2026-05-08,Retrovisor Esportivo,0,0.5266527777777779,0.5540132,0.5266527777777779,0.554013192653656,0.5266527777777779,0.554013192653656
2026-05-08,Suporte Celular Moto,5,2.5467063492063495,2.6945853,-2.4532936507936505,-2.3054146766662598,2.4532936507936505,2.3054146766662598
2026-05-09,Bag Delivery 45L,3,4.0727956349206345,3.8532917,1.0727956349206345,0.8532917499542236,1.0727956349206345,0.8532917499542236
2026-05-09,Bag Delivery 80L,1,1.87534126984127,1.2168143,0.8753412698412699,0.21681427955627441,0.8753412698412699,0.21681427955627441
2026-05-09,Balaclava,1,1.2481250000000004,0.99130815,0.24812500000000037,-0.008691847324371338,0.24812500000000037,0.008691847324371338
2026-05-09,Baú Moto 30L,4,1.7217142857142864,1.265381,-2.2782857142857136,-2.7346190214157104,2.2782857142857136,2.7346190214157104
2026-05-09,Capa de Chuva,0,2.7326130952380954,2.277951,2.7326130952380954,2.2779510021209717,2.7326130952380954,2.2779510021209717
2026-05-09,Capacete LS2,0,0.11851785714285713,0.24073511,0.11851785714285713,0.24073511362075806,0.11851785714285713,0.24073511362075806
2026-05-09,Capacete Pro Tork,0,2.4572003968253964,3.1188612,2.4572003968253964,3.118861198425293,2.4572003968253964,3.118861198425293
2026-05-09,Carregador USB Moto,0,0.7395386904761904,0.6500371,0.7395386904761904,0.6500371098518372,0.7395386904761904,0.6500371098518372
2026-05-09,Intercomunicador,0,0.14814285714285716,0.2660691,0.14814285714285716,0.26606911420822144,0.14814285714285716,0.26606911420822144
2026-05-09,Luva Motoboy,5,2.2258214285714284,2.3977602,-2.7741785714285716,-2.6022398471832275,2.7741785714285716,2.6022398471832275
2026-05-09,Retrovisor Esportivo,0,0.5048670634920636,0.5690918,0.5048670634920636,0.569091796875,0.5048670634920636,0.569091796875
2026-05-09,Suporte Celular Moto,2,3.120454365079364,3.3993173,1.1204543650793641,1.3993172645568848,1.1204543650793641,1.3993172645568848
2026-05-10,Bag Delivery 45L,2,3.578340277777776,3.082806,1.5783402777777762,1.08280611038208,1.5783402777777762,1.08280611038208
2026-05-10,Bag Delivery 80L,0,1.1516994047619047,1.1781007,1.1516994047619047,1.1781007051467896,1.1516994047619047,1.1781007051467896
2026-05-10,Balaclava,1,0.6168660714285715,0.8368105,-0.3831339285714285,-0.16318947076797485,0.3831339285714285,0.16318947076797485
2026-05-10,Baú Moto 30L,2,1.0734007936507937,0.885417,-0.9265992063492063,-1.1145830154418945,0.9265992063492063,1.1145830154418945
2026-05-10,Capa de Chuva,1,3.7209228896103883,2.9951875,2.7209228896103883,1.995187520980835,2.7209228896103883,1.995187520980835
2026-05-10,Capacete LS2,0,0.12478571428571428,0.2245679,0.12478571428571428,0.22456790506839752,0.12478571428571428,0.22456790506839752
2026-05-10,Capacete Pro Tork,0,1.583766865079365,1.6061376,1.583766865079365,1.6061376333236694,1.583766865079365,1.6061376333236694
2026-05-10,Carregador USB Moto,3,0.6540496031746029,0.71261674,-2.345950396825397,-2.287383258342743,2.345950396825397,2.287383258342743
2026-05-10,Intercomunicador,0,0.14909523809523811,0.1693082,0.14909523809523811,0.16930820047855377,0.14909523809523811,0.16930820047855377
2026-05-10,Luva Motoboy,2,2.7637063492063505,3.1210063,0.7637063492063505,1.1210062503814697,0.7637063492063505,1.1210062503814697
2026-05-10,Retrovisor Esportivo,0,0.5153333333333332,0.6004906,0.5153333333333332,0.6004906296730042,0.5153333333333332,0.6004906296730042
2026-05-10,Suporte Celular Moto,0,2.48499007936508,3.0635736,2.48499007936508,3.0635735988616943,2.48499007936508,3.0635735988616943
2026-05-11,Bag Delivery 45L,13,4.655238095238093,4.2335033,-8.344761904761906,-8.766496658325195,8.344761904761906,8.766496658325195
2026-05-11,Bag Delivery 80L,3,1.3938035714285715,1.1890613,-1.6061964285714285,-1.8109387159347534,1.6061964285714285,1.8109387159347534
2026-05-11,Balaclava,3,1.3340228174603181,1.1581059,-1.6659771825396819,-1.8418941497802734,1.6659771825396819,1.8418941497802734
2026-05-11,Baú Moto 30L,3,1.4513958333333332,1.1556984,-1.5486041666666668,-1.8443015813827515,1.5486041666666668,1.8443015813827515
2026-05-11,Capa de Chuva,1,2.6858273809523805,2.6038098,1.6858273809523805,1.6038098335266113,1.6858273809523805,1.6038098335266113
2026-05-11,Capacete LS2,0,0.05933333333333333,0.20897609,0.05933333333333333,0.20897608995437622,0.05933333333333333,0.20897608995437622
2026-05-11,Capacete Pro Tork,0,1.5765744047619046,1.643583,1.5765744047619046,1.643583059310913,1.5765744047619046,1.643583059310913
2026-05-11,Carregador USB Moto,0,0.635016865079365,0.6020143,0.635016865079365,0.6020143032073975,0.635016865079365,0.6020143032073975
2026-05-11,Intercomunicador,0,0.12855357142857143,0.15371639,0.12855357142857143,0.15371638536453247,0.12855357142857143,0.15371638536453247
2026-05-11,Luva Motoboy,1,2.269559163059164,2.815383,1.269559163059164,1.815382957458496,1.269559163059164,1.815382957458496
2026-05-11,Retrovisor Esportivo,0,1.2860899170274167,0.5242165,1.2860899170274167,0.5242164731025696,1.2860899170274167,0.5242164731025696
2026-05-11,Suporte Celular Moto,2,3.5655546536796536,3.3179908,1.5655546536796536,1.317990779876709,1.5655546536796536,1.317990779876709
2026-05-12,Bag Delivery 45L,8,4.24362797619048,4.22027,-3.7563720238095204,-3.7797298431396484,3.7563720238095204,3.7797298431396484
2026-05-12,Bag Delivery 80L,3,1.6639583333333334,1.2029117,-1.3360416666666666,-1.7970882654190063,1.3360416666666666,1.7970882654190063
2026-05-12,Balaclava,0,0.9675178571428575,0.85250676,0.9675178571428575,0.8525067567825317,0.9675178571428575,0.8525067567825317
2026-05-12,Baú Moto 30L,2,1.1941696428571424,1.013284,-0.8058303571428576,-0.9867160320281982,0.8058303571428576,0.9867160320281982
2026-05-12,Capa de Chuva,0,3.0472777777777766,2.998038,3.0472777777777766,2.9980380535125732,3.0472777777777766,2.9980380535125732
2026-05-12,Capacete LS2,0,0.04341666666666668,0.20527959,0.04341666666666668,0.20527958869934082,0.04341666666666668,0.20527958869934082
2026-05-12,Capacete Pro Tork,1,1.8502559523809525,1.3243713,0.8502559523809525,0.324371337890625,0.8502559523809525,0.324371337890625
2026-05-12,Carregador USB Moto,2,0.5607678571428574,0.7385783,-1.4392321428571426,-1.2614216804504395,1.4392321428571426,1.2614216804504395
2026-05-12,Intercomunicador,0,0.12230357142857144,0.15001991,0.12230357142857144,0.15001991391181946,0.12230357142857144,0.15001991391181946
2026-05-12,Luva Motoboy,1,3.1084821428571443,2.985604,2.1084821428571443,1.9856040477752686,2.1084821428571443,1.9856040477752686
2026-05-12,Retrovisor Esportivo,0,0.8278045634920637,0.6226013,0.8278045634920637,0.6226012706756592,0.8278045634920637,0.6226012706756592
2026-05-12,Suporte Celular Moto,3,3.1561805555555553,3.130087,0.15618055555555532,0.13008689880371094,0.15618055555555532,0.13008689880371094
2026-05-13,Bag Delivery 45L,5,3.6513779761904765,3.786881,-1.3486220238095235,-1.2131190299987793,1.3486220238095235,1.2131190299987793
2026-05-13,Bag Delivery 80L,4,1.1343690476190473,1.249982,-2.8656309523809527,-2.750018000602722,2.8656309523809527,2.750018000602722
2026-05-13,Balaclava,2,1.3763561507936504,0.9377345,-0.6236438492063496,-1.0622655153274536,0.6236438492063496,1.0622655153274536
2026-05-13,Baú Moto 30L,0,1.0505565476190477,1.1965826,1.0505565476190477,1.196582555770874,1.0505565476190477,1.196582555770874
2026-05-13,Capa de Chuva,0,2.7420585317460318,2.952903,2.7420585317460318,2.9529030323028564,2.7420585317460318,2.9529030323028564
2026-05-13,Capacete LS2,0,0.06795833333333333,0.18715158,0.06795833333333333,0.18715158104896545,0.06795833333333333,0.18715158104896545
2026-05-13,Capacete Pro Tork,0,2.0155942460317453,1.7111328,2.0155942460317453,1.7111327648162842,2.0155942460317453,1.7111327648162842
2026-05-13,Carregador USB Moto,1,0.4079603174603175,0.7096978,-0.5920396825396825,-0.29030221700668335,0.5920396825396825,0.29030221700668335
2026-05-13,Intercomunicador,0,0.6669136904761902,0.26752794,0.6669136904761902,0.2675279378890991,0.6669136904761902,0.2675279378890991
2026-05-13,Luva Motoboy,3,2.7314742063492066,2.6351352,-0.26852579365079343,-0.3648648262023926,0.26852579365079343,0.3648648262023926
2026-05-13,Retrovisor Esportivo,0,0.7757738095238096,0.5407737,0.7757738095238096,0.5407736897468567,0.7757738095238096,0.5407736897468567
2026-05-13,Suporte Celular Moto,5,3.570296626984127,3.9077477,-1.4297033730158728,-1.092252254486084,1.4297033730158728,1.092252254486084
2026-05-14,Bag Delivery 45L,0,2.820907738095238,3.6360514,2.820907738095238,3.6360514163970947,2.820907738095238,3.6360514163970947
2026-05-14,Bag Delivery 80L,0,1.7199583333333348,1.3595256,1.7199583333333348,1.3595255613327026,1.7199583333333348,1.3595255613327026
2026-05-14,Balaclava,1,0.6249285714285713,0.9360137,-0.3750714285714287,-0.06398630142211914,0.3750714285714287,0.06398630142211914
2026-05-14,Baú Moto 30L,5,1.1134791666666664,1.0879015,-3.886520833333334,-3.912098526954651,3.886520833333334,3.912098526954651
2026-05-14,Capa de Chuva,0,2.8772083333333343,3.6292682,2.8772083333333343,3.629268169403076,2.8772083333333343,3.629268169403076
2026-05-14,Capacete LS2,0,0.20450000000000002,0.27884486,0.20450000000000002,0.2788448631763458,0.20450000000000002,0.2788448631763458
2026-05-14,Capacete Pro Tork,1,2.04786111111111,1.7199001,1.0478611111111098,0.7199001312255859,1.0478611111111098,0.7199001312255859
2026-05-14,Carregador USB Moto,3,0.6771785714285713,0.7403643,-2.322821428571429,-2.2596356868743896,2.322821428571429,2.2596356868743896
2026-05-14,Intercomunicador,0,0.1724107142857143,0.13241422,0.1724107142857143,0.13241422176361084,0.1724107142857143,0.13241422176361084
2026-05-14,Luva Motoboy,4,2.4978124999999993,2.4403112,-1.5021875000000007,-1.5596888065338135,1.5021875000000007,1.5596888065338135
2026-05-14,Retrovisor Esportivo,2,0.8074345238095236,0.54850113,-1.1925654761904765,-1.4514988660812378,1.1925654761904765,1.4514988660812378
2026-05-14,Suporte Celular Moto,1,4.151359126984127,3.9927018,3.1513591269841266,2.992701768875122,3.1513591269841266,2.992701768875122
2026-05-15,Bag Delivery 45L,2,3.7986398809523827,3.3147042,1.7986398809523827,1.314704179763794,1.7986398809523827,1.314704179763794
2026-05-15,Bag Delivery 80L,2,1.5313125000000005,1.4376491,-0.4686874999999995,-0.562350869178772,0.4686874999999995,0.562350869178772
2026-05-15,Balaclava,1,0.3372053571428571,0.6674671,-0.662794642857143,-0.3325328826904297,0.662794642857143,0.3325328826904297
2026-05-15,Baú Moto 30L,0,1.4730823412698415,1.160167,1.4730823412698415,1.1601669788360596,1.4730823412698415,1.1601669788360596
2026-05-15,Capa de Chuva,0,3.936651785714282,2.7623491,3.936651785714282,2.7623491287231445,3.936651785714282,2.7623491287231445
2026-05-15,Capacete LS2,0,0.1599642857142857,0.23017853,0.1599642857142857,0.23017853498458862,0.1599642857142857,0.23017853498458862
2026-05-15,Capacete Pro Tork,2,1.8999672619047618,1.4229089,-0.10003273809523816,-0.5770910978317261,0.10003273809523816,0.5770910978317261
2026-05-15,Carregador USB Moto,0,0.46497619047619065,0.44875044,0.46497619047619065,0.44875043630599976,0.46497619047619065,0.44875043630599976
2026-05-15,Intercomunicador,0,0.14569642857142862,0.09573813,0.14569642857142862,0.09573812782764435,0.14569642857142862,0.09573812782764435
2026-05-15,Luva Motoboy,4,1.9956111111111117,2.08222,-2.0043888888888883,-1.9177799224853516,2.0043888888888883,1.9177799224853516
2026-05-15,Retrovisor Esportivo,1,0.44111408730158724,0.4415774,-0.5588859126984127,-0.5584225952625275,0.5588859126984127,0.5584225952625275
2026-05-15,Suporte Celular Moto,2,3.657498015873015,3.8164406,1.6574980158730148,1.8164405822753906,1.6574980158730148,1.8164405822753906
2026-05-16,Bag Delivery 45L,5,4.011583333333331,4.367139,-0.9884166666666694,-0.6328611373901367,0.9884166666666694,0.6328611373901367
2026-05-16,Bag Delivery 80L,2,1.4042490079365084,1.2538196,-0.5957509920634916,-0.7461804151535034,0.5957509920634916,0.7461804151535034
2026-05-16,Balaclava,1,0.791719246031746,0.88142085,-0.20828075396825396,-0.11857914924621582,0.20828075396825396,0.11857914924621582
2026-05-16,Baú Moto 30L,0,0.9894087301587302,1.160314,0.9894087301587302,1.1603139638900757,0.9894087301587302,1.1603139638900757
2026-05-16,Capa de Chuva,2,3.7128621031746025,3.4459777,1.7128621031746025,1.4459776878356934,1.7128621031746025,1.4459776878356934
2026-05-16,Capacete LS2,0,0.1705059523809524,0.21142977,0.1705059523809524,0.21142977476119995,0.1705059523809524,0.21142977476119995
2026-05-16,Capacete Pro Tork,2,1.5355605158730163,1.3468419,-0.46443948412698366,-0.6531580686569214,0.46443948412698366,0.6531580686569214
2026-05-16,Carregador USB Moto,2,0.40298214285714307,0.6147569,-1.5970178571428568,-1.3852431178092957,1.5970178571428568,1.3852431178092957
2026-05-16,Intercomunicador,0,0.11540476190476193,0.12597738,0.11540476190476193,0.12597738206386566,0.11540476190476193,0.12597738206386566
2026-05-16,Luva Motoboy,1,2.4243134920634914,2.261449,1.4243134920634914,1.2614490985870361,1.4243134920634914,1.2614490985870361
2026-05-16,Retrovisor Esportivo,0,0.3667946428571429,0.5143018,0.3667946428571429,0.5143017768859863,0.3667946428571429,0.5143017768859863
2026-05-16,Suporte Celular Moto,3,4.323946428571428,3.8755052,1.3239464285714284,0.8755052089691162,1.3239464285714284,0.8755052089691162
2026-05-17,Bag Delivery 45L,2,3.511592261904763,2.313168,1.511592261904763,0.3131680488586426,1.511592261904763,0.3131680488586426
2026-05-17,Bag Delivery 80L,3,1.7639246031746039,1.3826954,-1.2360753968253961,-1.6173045635223389,1.2360753968253961,1.6173045635223389
2026-05-17,Balaclava,0,0.852131944444445,0.82828397,0.852131944444445,0.828283965587616,0.852131944444445,0.828283965587616
2026-05-17,Baú Moto 30L,5,0.8602321428571428,1.1672521,-4.139767857142857,-3.8327479362487793,4.139767857142857,3.8327479362487793
2026-05-17,Capa de Chuva,1,3.6103035714285685,3.1588295,2.6103035714285685,2.1588294506073,2.6103035714285685,2.1588294506073
2026-05-17,Capacete LS2,0,0.1473869047619048,0.21781008,0.1473869047619048,0.21781007945537567,0.1473869047619048,0.21781007945537567
2026-05-17,Capacete Pro Tork,0,1.7834871031746036,1.6354939,1.7834871031746036,1.6354938745498657,1.7834871031746036,1.6354938745498657
2026-05-17,Carregador USB Moto,0,0.6225119047619048,0.6383884,0.6225119047619048,0.6383883953094482,0.6225119047619048,0.6383883953094482
2026-05-17,Intercomunicador,3,0.10665476190476193,0.13235773,-2.8933452380952382,-2.867642268538475,2.8933452380952382,2.867642268538475
2026-05-17,Luva Motoboy,0,2.550960317460317,2.5911326,2.550960317460317,2.591132640838623,2.550960317460317,2.591132640838623
2026-05-17,Retrovisor Esportivo,0,0.4852410714285715,0.53189886,0.4852410714285715,0.5318988561630249,0.4852410714285715,0.5318988561630249
2026-05-17,Suporte Celular Moto,3,3.4761418650793647,2.804209,0.47614186507936473,-0.19579100608825684,0.47614186507936473,0.19579100608825684
2026-05-18,Bag Delivery 45L,8,4.077928571428571,4.990726,-3.922071428571429,-3.0092740058898926,3.922071428571429,3.0092740058898926
2026-05-18,Bag Delivery 80L,0,1.1705773809523814,1.6892304,1.1705773809523814,1.6892304420471191,1.1705773809523814,1.6892304420471191
2026-05-18,Balaclava,0,0.79847619047619,1.0266529,0.79847619047619,1.0266529321670532,0.79847619047619,1.0266529321670532
2026-05-18,Baú Moto 30L,2,1.1368958333333332,1.2857587,-0.8631041666666668,-0.7142412662506104,0.8631041666666668,0.7142412662506104
2026-05-18,Capa de Chuva,0,3.1037331349206334,3.1387608,3.1037331349206334,3.138760805130005,3.1037331349206334,3.138760805130005
2026-05-18,Capacete LS2,0,0.15433333333333332,0.3038197,0.15433333333333332,0.3038196861743927,0.15433333333333332,0.3038196861743927
2026-05-18,Capacete Pro Tork,0,1.6857073412698425,1.6241225,1.6857073412698425,1.6241225004196167,1.6857073412698425,1.6241225004196167
2026-05-18,Carregador USB Moto,1,0.5483888888888888,0.7552182,-0.4516111111111112,-0.24478179216384888,0.4516111111111112,0.24478179216384888
2026-05-18,Intercomunicador,0,0.06932142857142858,0.20574313,0.06932142857142858,0.20574313402175903,0.06932142857142858,0.20574313402175903
2026-05-18,Luva Motoboy,0,2.8679484126984134,2.6414711,2.8679484126984134,2.6414711475372314,2.8679484126984134,2.6414711475372314
2026-05-18,Retrovisor Esportivo,0,0.7058597582972581,0.5554929,0.7058597582972581,0.5554928779602051,0.7058597582972581,0.5554928779602051
2026-05-18,Suporte Celular Moto,1,4.625047619047618,4.1611667,3.625047619047618,3.1611666679382324,3.625047619047618,3.1611666679382324
2026-05-19,Bag Delivery 45L,1,3.6346339285714286,4.0494523,2.6346339285714286,3.049452304840088,2.6346339285714286,3.049452304840088
2026-05-19,Bag Delivery 80L,0,1.3060912698412708,1.5009863,1.3060912698412708,1.5009863376617432,1.3060912698412708,1.5009863376617432
2026-05-19,Balaclava,0,1.0448898809523808,0.955703,1.0448898809523808,0.9557030200958252,1.0448898809523808,0.9557030200958252
2026-05-19,Baú Moto 30L,1,1.5759136904761906,1.4788877,0.5759136904761906,0.478887677192688,0.5759136904761906,0.478887677192688
2026-05-19,Capa de Chuva,1,3.113745039682538,3.1357071,2.113745039682538,2.135707139968872,2.113745039682538,2.135707139968872
2026-05-19,Capacete LS2,0,0.18982539682539687,0.30119708,0.18982539682539687,0.3011970818042755,0.18982539682539687,0.3011970818042755
2026-05-19,Capacete Pro Tork,1,2.0010694444444455,1.8668557,1.0010694444444455,0.8668557405471802,1.0010694444444455,0.8668557405471802
2026-05-19,Carregador USB Moto,0,0.5582202380952385,0.7112809,0.5582202380952385,0.711280882358551,0.5582202380952385,0.711280882358551
2026-05-19,Intercomunicador,0,0.3472142857142856,0.21135718,0.3472142857142856,0.21135717630386353,0.3472142857142856,0.21135717630386353
2026-05-19,Luva Motoboy,4,2.619360119047619,2.229051,-1.3806398809523812,-1.770948886871338,1.3806398809523812,1.770948886871338
2026-05-19,Retrovisor Esportivo,0,1.4533617424242424,0.6492234,1.4533617424242424,0.6492233872413635,1.4533617424242424,0.6492233872413635
2026-05-19,Suporte Celular Moto,5,5.212767857142856,4.8331757,0.21276785714285573,-0.1668243408203125,0.21276785714285573,0.1668243408203125
2026-05-20,Bag Delivery 45L,2,4.45514880952381,4.860384,2.45514880952381,2.860383987426758,2.45514880952381,2.860383987426758
2026-05-20,Bag Delivery 80L,4,1.6291111111111116,1.5891073,-2.3708888888888886,-2.4108927249908447,2.3708888888888886,2.4108927249908447
2026-05-20,Balaclava,0,0.9058402777777776,0.8403445,0.9058402777777776,0.8403444886207581,0.9058402777777776,0.8403444886207581
2026-05-20,Baú Moto 30L,1,0.7354315476190473,1.1942217,-0.2645684523809527,0.19422173500061035,0.2645684523809527,0.19422173500061035
2026-05-20,Capa de Chuva,0,2.8618313492063505,3.0381055,2.8618313492063505,3.0381054878234863,2.8618313492063505,3.0381054878234863
2026-05-20,Capacete LS2,0,0.23712896825396826,0.29799476,0.23712896825396826,0.2979947626590729,0.23712896825396826,0.2979947626590729
2026-05-20,Capacete Pro Tork,5,1.845539682539683,1.564362,-3.154460317460317,-3.435637950897217,3.154460317460317,3.435637950897217
2026-05-20,Carregador USB Moto,0,0.4476488095238095,0.8543119,0.4476488095238095,0.8543118834495544,0.4476488095238095,0.8543118834495544
2026-05-20,Intercomunicador,0,0.25033928571428565,0.15018445,0.25033928571428565,0.15018445253372192,0.25033928571428565,0.15018445253372192
2026-05-20,Luva Motoboy,5,2.773668650793652,2.5867345,-2.226331349206348,-2.4132654666900635,2.226331349206348,2.4132654666900635
2026-05-20,Retrovisor Esportivo,2,1.1350357142857137,0.58536416,-0.8649642857142863,-1.4146358370780945,0.8649642857142863,1.4146358370780945
2026-05-20,Suporte Celular Moto,4,3.3964867216117187,2.5720692,-0.6035132783882813,-1.4279308319091797,0.6035132783882813,1.4279308319091797
2026-05-21,Bag Delivery 45L,3,3.930607142857141,3.7451332,0.930607142857141,0.7451331615447998,0.930607142857141,0.7451331615447998
2026-05-21,Bag Delivery 80L,0,1.5435000000000003,1.6363857,1.5435000000000003,1.6363856792449951,1.5435000000000003,1.6363856792449951
2026-05-21,Balaclava,2,1.3759999999999997,0.8416931,-0.6240000000000003,-1.158306896686554,0.6240000000000003,1.158306896686554
2026-05-21,Baú Moto 30L,1,1.4477797619047612,1.5818361,0.4477797619047612,0.5818361043930054,0.4477797619047612,0.5818361043930054
2026-05-21,Capa de Chuva,8,2.9296934523809517,2.3875055,-5.070306547619048,-5.612494468688965,5.070306547619048,5.612494468688965
2026-05-21,Capacete LS2,2,0.24407539682539686,0.27348918,-1.7559246031746032,-1.7265108227729797,1.7559246031746032,1.7265108227729797
2026-05-21,Capacete Pro Tork,7,1.9356825396825403,2.2089808,-5.06431746031746,-4.7910192012786865,5.06431746031746,4.7910192012786865
2026-05-21,Carregador USB Moto,2,0.6278621031746031,0.9189102,-1.372137896825397,-1.0810897946357727,1.372137896825397,1.0810897946357727
2026-05-21,Intercomunicador,0,0.2541607142857143,0.18364921,0.2541607142857143,0.1836492121219635,0.2541607142857143,0.1836492121219635
2026-05-21,Luva Motoboy,0,3.4125267857142876,3.0444438,3.4125267857142876,3.0444438457489014,3.4125267857142876,3.0444438457489014
2026-05-21,Retrovisor Esportivo,0,0.426377976190476,0.6963041,0.426377976190476,0.6963040828704834,0.426377976190476,0.6963040828704834
2026-05-21,Suporte Celular Moto,1,2.886604166666668,2.8314822,1.8866041666666682,1.831482172012329,1.8866041666666682,1.831482172012329
2026-05-22,Bag Delivery 45L,10,4.14716369047619,3.798777,-5.85283630952381,-6.201222896575928,5.85283630952381,6.201222896575928
2026-05-22,Bag Delivery 80L,3,1.093530753968254,1.5580674,-1.906469246031746,-1.4419325590133667,1.906469246031746,1.4419325590133667
2026-05-22,Balaclava,0,1.5895912698412697,0.9905597,1.5895912698412697,0.9905596971511841,1.5895912698412697,0.9905596971511841
2026-05-22,Baú Moto 30L,1,1.0104613095238095,1.2721523,0.010461309523809526,0.272152304649353,0.010461309523809526,0.272152304649353
2026-05-22,Capa de Chuva,2,3.437125,2.839095,1.437125,0.8390951156616211,1.437125,0.8390951156616211
2026-05-22,Capacete LS2,0,0.43427678571428574,0.34736183,0.43427678571428574,0.34736183285713196,0.43427678571428574,0.34736183285713196
2026-05-22,Capacete Pro Tork,3,2.7565952380952385,1.7567668,-0.24340476190476146,-1.2432332038879395,0.24340476190476146,1.2432332038879395
2026-05-22,Carregador USB Moto,1,0.9367559523809524,0.84228164,-0.06324404761904756,-0.15771836042404175,0.06324404761904756,0.15771836042404175
2026-05-22,Intercomunicador,0,0.20898809523809528,0.16232929,0.20898809523809528,0.1623292863368988,0.20898809523809528,0.1623292863368988
2026-05-22,Luva Motoboy,1,3.0436706349206357,2.2189593,2.0436706349206357,1.2189593315124512,2.0436706349206357,1.2189593315124512
2026-05-22,Retrovisor Esportivo,0,0.46677777777777785,0.57225704,0.46677777777777785,0.5722570419311523,0.46677777777777785,0.5722570419311523
2026-05-22,Suporte Celular Moto,2,3.803554563492063,3.3325496,1.803554563492063,1.3325495719909668,1.803554563492063,1.3325495719909668
2026-05-23,Bag Delivery 45L,4,3.0459821428571434,2.6840725,-0.9540178571428566,-1.315927505493164,0.9540178571428566,1.315927505493164
2026-05-23,Bag Delivery 80L,0,0.9341785714285714,1.3891124,0.9341785714285714,1.3891123533248901,0.9341785714285714,1.3891123533248901
2026-05-23,Balaclava,0,1.4649156746031744,1.084403,1.4649156746031744,1.0844030380249023,1.4649156746031744,1.0844030380249023
2026-05-23,Baú Moto 30L,0,1.2048541666666672,1.2771896,1.2048541666666672,1.2771896123886108,1.2048541666666672,1.2771896123886108
2026-05-23,Capa de Chuva,0,2.259441468253967,1.9264188,2.259441468253967,1.9264187812805176,2.259441468253967,1.9264187812805176
2026-05-23,Capacete LS2,0,1.2029533730158726,0.40763322,1.2029533730158726,0.4076332151889801,1.2029533730158726,0.4076332151889801
2026-05-23,Capacete Pro Tork,0,1.4757003968253966,1.4566333,1.4757003968253966,1.4566333293914795,1.4757003968253966,1.4566333293914795
2026-05-23,Carregador USB Moto,2,0.615559523809524,0.81413025,-1.384440476190476,-1.1858697533607483,1.384440476190476,1.1858697533607483
2026-05-23,Intercomunicador,0,0.23065476190476195,0.18807185,0.23065476190476195,0.1880718469619751,0.23065476190476195,0.1880718469619751
2026-05-23,Luva Motoboy,2,2.951859126984128,2.2829924,0.9518591269841279,0.2829923629760742,0.9518591269841279,0.2829923629760742
2026-05-23,Retrovisor Esportivo,0,0.557093253968254,0.6139716,0.557093253968254,0.6139715909957886,0.557093253968254,0.6139715909957886
2026-05-23,Suporte Celular Moto,1,3.5782619047619044,3.3340344,2.5782619047619044,2.3340344429016113,2.5782619047619044,2.3340344429016113
2026-05-24,Bag Delivery 45L,1,3.0934375000000007,3.218236,2.0934375000000007,2.218235969543457,2.0934375000000007,2.218235969543457
2026-05-24,Bag Delivery 80L,0,1.1719434523809522,1.4618139,1.1719434523809522,1.4618139266967773,1.1719434523809522,1.4618139266967773
2026-05-24,Balaclava,0,1.2427857142857137,0.9630125,1.2427857142857137,0.9630125164985657,1.2427857142857137,0.9630125164985657
2026-05-24,Baú Moto 30L,0,1.3075744047619051,1.4382254,1.3075744047619051,1.4382253885269165,1.3075744047619051,1.4382253885269165
2026-05-24,Capa de Chuva,3,3.5408849206349235,2.290449,0.5408849206349235,-0.7095510959625244,0.5408849206349235,0.7095510959625244
2026-05-24,Capacete LS2,0,1.2170843253968247,0.38767204,1.2170843253968247,0.3876720368862152,1.2170843253968247,0.3876720368862152
2026-05-24,Capacete Pro Tork,0,1.864413690476189,1.5880071,1.864413690476189,1.5880070924758911,1.864413690476189,1.5880070924758911
2026-05-24,Carregador USB Moto,0,0.6622113095238098,0.7084704,0.6622113095238098,0.7084704041481018,0.6622113095238098,0.7084704041481018
2026-05-24,Intercomunicador,0,0.17011309523809526,0.15452209,0.17011309523809526,0.1545220911502838,0.17011309523809526,0.1545220911502838
2026-05-24,Luva Motoboy,2,2.853791666666666,2.2847993,0.8537916666666661,0.28479933738708496,0.8537916666666661,0.28479933738708496
2026-05-24,Retrovisor Esportivo,0,1.1098048340548339,0.7251703,1.1098048340548339,0.7251703143119812,1.1098048340548339,0.7251703143119812
2026-05-24,Suporte Celular Moto,1,2.9087728174603185,2.3346589,1.9087728174603185,1.3346588611602783,1.9087728174603185,1.3346588611602783
2026-05-25,Bag Delivery 45L,3,2.9535952380952386,1.6015557,-0.046404761904761394,-1.3984442949295044,0.046404761904761394,1.3984442949295044
2026-05-25,Bag Delivery 80L,1,1.5624523809523805,1.5454049,0.5624523809523805,0.5454049110412598,0.5624523809523805,0.5454049110412598
2026-05-25,Balaclava,1,1.2235089285714287,0.99889326,0.22350892857142868,-0.0011067390441894531,0.22350892857142868,0.0011067390441894531
2026-05-25,Baú Moto 30L,2,1.8165158730158737,1.3406774,-0.1834841269841263,-0.6593226194381714,0.1834841269841263,0.6593226194381714
2026-05-25,Capa de Chuva,1,3.7877609126984133,2.158394,2.7877609126984133,1.1583940982818604,2.7877609126984133,1.1583940982818604
2026-05-25,Capacete LS2,0,1.3167857142857136,0.4269212,1.3167857142857136,0.42692118883132935,1.3167857142857136,0.42692118883132935
2026-05-25,Capacete Pro Tork,2,2.0527311507936497,1.6890346,0.05273115079364965,-0.3109654188156128,0.05273115079364965,0.3109654188156128
2026-05-25,Carregador USB Moto,1,0.822175595238095,0.85081637,-0.17782440476190498,-0.14918363094329834,0.17782440476190498,0.14918363094329834
2026-05-25,Intercomunicador,0,0.28647420634920634,0.18210614,0.28647420634920634,0.1821061372756958,0.28647420634920634,0.1821061372756958
2026-05-25,Luva Motoboy,3,2.283887896825396,2.3860679,-0.7161121031746038,-0.6139321327209473,0.7161121031746038,0.6139321327209473
2026-05-25,Retrovisor Esportivo,1,0.8641646825396824,0.60670894,-0.13583531746031763,-0.39329105615615845,0.13583531746031763,0.39329105615615845
2026-05-25,Suporte Celular Moto,4,3.7006815476190464,3.316117,-0.29931845238095356,-0.6838829517364502,0.29931845238095356,0.6838829517364502
2026-05-26,Bag Delivery 45L,6,3.211455357142859,3.287717,-2.788544642857141,-2.71228289604187,2.788544642857141,2.71228289604187
2026-05-26,Bag Delivery 80L,0,1.4589206349206352,1.5391995,1.4589206349206352,1.5391994714736938,1.4589206349206352,1.5391994714736938
2026-05-26,Balaclava,1,1.1120833333333335,0.8888936,0.11208333333333353,-0.11110639572143555,0.11208333333333353,0.11110639572143555
2026-05-26,Baú Moto 30L,0,0.7596577380952383,1.2224509,0.7596577380952383,1.222450852394104,0.7596577380952383,1.222450852394104
2026-05-26,Capa de Chuva,5,3.73492757936508,2.2044022,-1.2650724206349202,-2.795597791671753,1.2650724206349202,2.795597791671753
2026-05-26,Capacete LS2,0,1.3767321428571422,0.4270863,1.3767321428571422,0.4270862936973572,1.3767321428571422,0.4270862936973572
2026-05-26,Capacete Pro Tork,2,1.5845773809523807,1.8060246,-0.41542261904761935,-0.19397544860839844,0.41542261904761935,0.19397544860839844
2026-05-26,Carregador USB Moto,0,1.1335376984126981,0.8999553,1.1335376984126981,0.8999552726745605,1.1335376984126981,0.8999552726745605
2026-05-26,Intercomunicador,0,0.3553789682539681,0.18227126,0.3553789682539681,0.18227125704288483,0.3553789682539681,0.18227125704288483
2026-05-26,Luva Motoboy,6,3.22184623015873,2.2561424,-2.77815376984127,-3.7438576221466064,2.77815376984127,3.7438576221466064
2026-05-26,Retrovisor Esportivo,0,1.116047619047619,0.60844666,1.116047619047619,0.6084466576576233,1.116047619047619,0.6084466576576233
2026-05-26,Suporte Celular Moto,3,3.7093869047619075,3.4359288,0.7093869047619075,0.4359288215637207,0.7093869047619075,0.4359288215637207
2026-05-27,Bag Delivery 45L,6,3.285873015873018,2.9032478,-2.714126984126982,-3.096752166748047,2.714126984126982,3.096752166748047
2026-05-27,Bag Delivery 80L,6,1.4908920454545456,1.3212038,-4.509107954545454,-4.678796172142029,4.509107954545454,4.678796172142029
2026-05-27,Balaclava,0,1.2840317460317459,1.0217291,1.2840317460317459,1.0217291116714478,1.2840317460317459,1.0217291116714478
2026-05-27,Baú Moto 30L,2,0.9820238095238096,1.0911868,-1.0179761904761904,-0.9088132381439209,1.0179761904761904,0.9088132381439209
2026-05-27,Capa de Chuva,5,4.050830357142856,3.109307,-0.9491696428571439,-1.890692949295044,0.9491696428571439,1.890692949295044
2026-05-27,Capacete LS2,2,1.3952619047619035,0.42837983,-0.6047380952380965,-1.5716201663017273,0.6047380952380965,1.5716201663017273
2026-05-27,Capacete Pro Tork,0,1.218291666666667,1.3356665,1.218291666666667,1.335666537284851,1.218291666666667,1.335666537284851
2026-05-27,Carregador USB Moto,0,1.0666051587301582,0.9608349,1.0666051587301582,0.9608349204063416,1.0666051587301582,0.9608349204063416
2026-05-27,Intercomunicador,0,0.417081349206349,0.18356477,0.417081349206349,0.18356476724147797,0.417081349206349,0.18356476724147797
2026-05-27,Luva Motoboy,3,2.677270833333335,2.569702,-0.3227291666666652,-0.4302980899810791,0.3227291666666652,0.4302980899810791
2026-05-27,Retrovisor Esportivo,1,0.9359613095238095,0.61810684,-0.06403869047619049,-0.3818931579589844,0.06403869047619049,0.3818931579589844
2026-05-27,Suporte Celular Moto,4,3.3176934523809525,3.1618335,-0.6823065476190475,-0.8381664752960205,0.6823065476190475,0.8381664752960205
2026-05-28,Bag Delivery 45L,4,4.078843253968255,3.7333548,0.07884325396825531,-0.2666451930999756,0.07884325396825531,0.2666451930999756
2026-05-28,Bag Delivery 80L,1,2.2812232142857143,2.0555491,1.2812232142857143,1.055549144744873,1.2812232142857143,1.055549144744873
2026-05-28,Balaclava,0,1.5443214285714282,0.97391546,1.5443214285714282,0.9739154577255249,1.5443214285714282,0.9739154577255249
2026-05-28,Baú Moto 30L,6,0.9754464285714289,1.2504247,-5.024553571428571,-4.749575257301331,5.024553571428571,4.749575257301331
2026-05-28,Capa de Chuva,3,2.5574335317460313,1.8442183,-0.4425664682539687,-1.1557817459106445,0.4425664682539687,1.1557817459106445
2026-05-28,Capacete LS2,0,0.7186041666666669,0.39345726,0.7186041666666669,0.3934572637081146,0.7186041666666669,0.3934572637081146
2026-05-28,Capacete Pro Tork,2,1.5421875000000005,1.123103,-0.4578124999999995,-0.8768969774246216,0.4578124999999995,0.8768969774246216
2026-05-28,Carregador USB Moto,0,1.418163690476191,0.97871,1.418163690476191,0.9787099957466125,1.418163690476191,0.9787099957466125
2026-05-28,Intercomunicador,0,0.5028492063492062,0.20464687,0.5028492063492062,0.20464687049388885,0.5028492063492062,0.20464687049388885
2026-05-28,Luva Motoboy,3,2.670576388888889,2.6925476,-0.32942361111111085,-0.3074524402618408,0.32942361111111085,0.3074524402618408
2026-05-28,Retrovisor Esportivo,0,0.6908660714285714,0.67798465,0.6908660714285714,0.6779846549034119,0.6908660714285714,0.6779846549034119
2026-05-28,Suporte Celular Moto,2,3.1542053571428585,3.6158814,1.1542053571428585,1.6158814430236816,1.1542053571428585,1.6158814430236816
2026-05-29,Bag Delivery 45L,3,3.595695436507936,2.5524025,0.5956954365079361,-0.4475975036621094,0.5956954365079361,0.4475975036621094
2026-05-29,Bag Delivery 80L,1,1.8760654761904771,2.1172452,0.8760654761904771,1.1172451972961426,0.8760654761904771,1.1172451972961426
2026-05-29,Balaclava,0,1.4462351190476186,0.96307313,1.4462351190476186,0.9630731344223022,1.4462351190476186,0.9630731344223022
2026-05-29,Baú Moto 30L,1,1.8835436507936507,1.7139468,0.8835436507936507,0.7139468193054199,0.8835436507936507,0.7139468193054199
2026-05-29,Capa de Chuva,10,2.87346130952381,2.8504863,-7.12653869047619,-7.1495137214660645,7.12653869047619,7.1495137214660645
2026-05-29,Capacete LS2,0,0.5505029761904762,0.42255828,0.5505029761904762,0.4225582778453827,0.5505029761904762,0.4225582778453827
2026-05-29,Capacete Pro Tork,7,1.7080922619047618,1.7844048,-5.291907738095238,-5.215595245361328,5.291907738095238,5.215595245361328
2026-05-29,Carregador USB Moto,2,0.9208313492063493,0.84210974,-1.0791686507936507,-1.157890260219574,1.0791686507936507,1.157890260219574
2026-05-29,Intercomunicador,0,0.44246230158730127,0.21521218,0.44246230158730127,0.21521218121051788,0.44246230158730127,0.21521218121051788
2026-05-29,Luva Motoboy,4,2.3147023809523812,2.2275674,-1.6852976190476188,-1.772432565689087,1.6852976190476188,1.772432565689087
2026-05-29,Retrovisor Esportivo,0,0.6451101190476187,0.7198165,0.6451101190476187,0.7198165059089661,0.6451101190476187,0.7198165059089661
2026-05-29,Suporte Celular Moto,6,3.5201031746031775,3.659893,-2.4798968253968225,-2.340106964111328,2.4798968253968225,2.340106964111328
